<?xml version="1.0" encoding="UTF-8"?>
<spirit:component xmlns:xilinx="http://www.xilinx.com" xmlns:spirit="http://www.spiritconsortium.org/XMLSchema/SPIRIT/1685-2009" xmlns:xsi="http://www.w3.org/2001/XMLSchema-instance">
  <spirit:vendor>xilinx.com</spirit:vendor>
  <spirit:library>user</spirit:library>
  <spirit:name>myip</spirit:name>
  <spirit:version>1.0</spirit:version>
  <spirit:busInterfaces>
    <spirit:busInterface>
      <spirit:name>S00_AXI</spirit:name>
      <spirit:busType spirit:vendor="xilinx.com" spirit:library="interface" spirit:name="aximm" spirit:version="1.0"/>
      <spirit:abstractionType spirit:vendor="xilinx.com" spirit:library="interface" spirit:name="aximm_rtl" spirit:version="1.0"/>
      <spirit:slave>
        <spirit:memoryMapRef spirit:memoryMapRef="S00_AXI"/>
      </spirit:slave>
      <spirit:portMaps>
        <spirit:portMap>
          <spirit:logicalPort>
            <spirit:name>AWADDR</spirit:name>
          </spirit:logicalPort>
          <spirit:physicalPort>
            <spirit:name>s00_axi_awaddr</spirit:name>
          </spirit:physicalPort>
        </spirit:portMap>
        <spirit:portMap>
          <spirit:logicalPort>
            <spirit:name>AWPROT</spirit:name>
          </spirit:logicalPort>
          <spirit:physicalPort>
            <spirit:name>s00_axi_awprot</spirit:name>
          </spirit:physicalPort>
        </spirit:portMap>
        <spirit:portMap>
          <spirit:logicalPort>
            <spirit:name>AWVALID</spirit:name>
          </spirit:logicalPort>
          <spirit:physicalPort>
            <spirit:name>s00_axi_awvalid</spirit:name>
          </spirit:physicalPort>
        </spirit:portMap>
        <spirit:portMap>
          <spirit:logicalPort>
            <spirit:name>AWREADY</spirit:name>
          </spirit:logicalPort>
          <spirit:physicalPort>
            <spirit:name>s00_axi_awready</spirit:name>
          </spirit:physicalPort>
        </spirit:portMap>
        <spirit:portMap>
          <spirit:logicalPort>
            <spirit:name>WDATA</spirit:name>
          </spirit:logicalPort>
          <spirit:physicalPort>
            <spirit:name>s00_axi_wdata</spirit:name>
          </spirit:physicalPort>
        </spirit:portMap>
        <spirit:portMap>
          <spirit:logicalPort>
            <spirit:name>WSTRB</spirit:name>
          </spirit:logicalPort>
          <spirit:physicalPort>
            <spirit:name>s00_axi_wstrb</spirit:name>
          </spirit:physicalPort>
        </spirit:portMap>
        <spirit:portMap>
          <spirit:logicalPort>
            <spirit:name>WVALID</spirit:name>
          </spirit:logicalPort>
          <spirit:physicalPort>
            <spirit:name>s00_axi_wvalid</spirit:name>
          </spirit:physicalPort>
        </spirit:portMap>
        <spirit:portMap>
          <spirit:logicalPort>
            <spirit:name>WREADY</spirit:name>
          </spirit:logicalPort>
          <spirit:physicalPort>
            <spirit:name>s00_axi_wready</spirit:name>
          </spirit:physicalPort>
        </spirit:portMap>
        <spirit:portMap>
          <spirit:logicalPort>
            <spirit:name>BRESP</spirit:name>
          </spirit:logicalPort>
          <spirit:physicalPort>
            <spirit:name>s00_axi_bresp</spirit:name>
          </spirit:physicalPort>
        </spirit:portMap>
        <spirit:portMap>
          <spirit:logicalPort>
            <spirit:name>BVALID</spirit:name>
          </spirit:logicalPort>
          <spirit:physicalPort>
            <spirit:name>s00_axi_bvalid</spirit:name>
          </spirit:physicalPort>
        </spirit:portMap>
        <spirit:portMap>
          <spirit:logicalPort>
            <spirit:name>BREADY</spirit:name>
          </spirit:logicalPort>
          <spirit:physicalPort>
            <spirit:name>s00_axi_bready</spirit:name>
          </spirit:physicalPort>
        </spirit:portMap>
        <spirit:portMap>
          <spirit:logicalPort>
            <spirit:name>ARADDR</spirit:name>
          </spirit:logicalPort>
          <spirit:physicalPort>
            <spirit:name>s00_axi_araddr</spirit:name>
          </spirit:physicalPort>
        </spirit:portMap>
        <spirit:portMap>
          <spirit:logicalPort>
            <spirit:name>ARPROT</spirit:name>
          </spirit:logicalPort>
          <spirit:physicalPort>
            <spirit:name>s00_axi_arprot</spirit:name>
          </spirit:physicalPort>
        </spirit:portMap>
        <spirit:portMap>
          <spirit:logicalPort>
            <spirit:name>ARVALID</spirit:name>
          </spirit:logicalPort>
          <spirit:physicalPort>
            <spirit:name>s00_axi_arvalid</spirit:name>
          </spirit:physicalPort>
        </spirit:portMap>
        <spirit:portMap>
          <spirit:logicalPort>
            <spirit:name>ARREADY</spirit:name>
          </spirit:logicalPort>
          <spirit:physicalPort>
            <spirit:name>s00_axi_arready</spirit:name>
          </spirit:physicalPort>
        </spirit:portMap>
        <spirit:portMap>
          <spirit:logicalPort>
            <spirit:name>RDATA</spirit:name>
          </spirit:logicalPort>
          <spirit:physicalPort>
            <spirit:name>s00_axi_rdata</spirit:name>
          </spirit:physicalPort>
        </spirit:portMap>
        <spirit:portMap>
          <spirit:logicalPort>
            <spirit:name>RRESP</spirit:name>
          </spirit:logicalPort>
          <spirit:physicalPort>
            <spirit:name>s00_axi_rresp</spirit:name>
          </spirit:physicalPort>
        </spirit:portMap>
        <spirit:portMap>
          <spirit:logicalPort>
            <spirit:name>RVALID</spirit:name>
          </spirit:logicalPort>
          <spirit:physicalPort>
            <spirit:name>s00_axi_rvalid</spirit:name>
          </spirit:physicalPort>
        </spirit:portMap>
        <spirit:portMap>
          <spirit:logicalPort>
            <spirit:name>RREADY</spirit:name>
          </spirit:logicalPort>
          <spirit:physicalPort>
            <spirit:name>s00_axi_rready</spirit:name>
          </spirit:physicalPort>
        </spirit:portMap>
      </spirit:portMaps>
      <spirit:parameters>
        <spirit:parameter>
          <spirit:name>WIZ_DATA_WIDTH</spirit:name>
          <spirit:value spirit:format="long" spirit:id="BUSIFPARAM_VALUE.S00_AXI.WIZ_DATA_WIDTH" spirit:choiceRef="choice_list_6fc15197">32</spirit:value>
        </spirit:parameter>
        <spirit:parameter>
          <spirit:name>WIZ_NUM_REG</spirit:name>
          <spirit:value spirit:format="long" spirit:id="BUSIFPARAM_VALUE.S00_AXI.WIZ_NUM_REG" spirit:minimum="4" spirit:maximum="512" spirit:rangeType="long">20</spirit:value>
        </spirit:parameter>
        <spirit:parameter>
          <spirit:name>SUPPORTS_NARROW_BURST</spirit:name>
          <spirit:value spirit:format="long" spirit:id="BUSIFPARAM_VALUE.S00_AXI.SUPPORTS_NARROW_BURST" spirit:choiceRef="choice_pairs_ce1226b1">0</spirit:value>
        </spirit:parameter>
      </spirit:parameters>
    </spirit:busInterface>
    <spirit:busInterface>
      <spirit:name>S00_AXI_RST</spirit:name>
      <spirit:busType spirit:vendor="xilinx.com" spirit:library="signal" spirit:name="reset" spirit:version="1.0"/>
      <spirit:abstractionType spirit:vendor="xilinx.com" spirit:library="signal" spirit:name="reset_rtl" spirit:version="1.0"/>
      <spirit:slave/>
      <spirit:portMaps>
        <spirit:portMap>
          <spirit:logicalPort>
            <spirit:name>RST</spirit:name>
          </spirit:logicalPort>
          <spirit:physicalPort>
            <spirit:name>s00_axi_aresetn</spirit:name>
          </spirit:physicalPort>
        </spirit:portMap>
      </spirit:portMaps>
      <spirit:parameters>
        <spirit:parameter>
          <spirit:name>POLARITY</spirit:name>
          <spirit:value spirit:id="BUSIFPARAM_VALUE.S00_AXI_RST.POLARITY" spirit:choiceRef="choice_list_9d8b0d81">ACTIVE_LOW</spirit:value>
        </spirit:parameter>
      </spirit:parameters>
    </spirit:busInterface>
    <spirit:busInterface>
      <spirit:name>S00_AXI_CLK</spirit:name>
      <spirit:busType spirit:vendor="xilinx.com" spirit:library="signal" spirit:name="clock" spirit:version="1.0"/>
      <spirit:abstractionType spirit:vendor="xilinx.com" spirit:library="signal" spirit:name="clock_rtl" spirit:version="1.0"/>
      <spirit:slave/>
      <spirit:portMaps>
        <spirit:portMap>
          <spirit:logicalPort>
            <spirit:name>CLK</spirit:name>
          </spirit:logicalPort>
          <spirit:physicalPort>
            <spirit:name>s00_axi_aclk</spirit:name>
          </spirit:physicalPort>
        </spirit:portMap>
      </spirit:portMaps>
      <spirit:parameters>
        <spirit:parameter>
          <spirit:name>ASSOCIATED_BUSIF</spirit:name>
          <spirit:value spirit:id="BUSIFPARAM_VALUE.S00_AXI_CLK.ASSOCIATED_BUSIF">S00_AXI</spirit:value>
        </spirit:parameter>
        <spirit:parameter>
          <spirit:name>ASSOCIATED_RESET</spirit:name>
          <spirit:value spirit:id="BUSIFPARAM_VALUE.S00_AXI_CLK.ASSOCIATED_RESET">s00_axi_aresetn</spirit:value>
        </spirit:parameter>
      </spirit:parameters>
    </spirit:busInterface>
  </spirit:busInterfaces>
  <spirit:memoryMaps>
    <spirit:memoryMap>
      <spirit:name>S00_AXI</spirit:name>
      <spirit:addressBlock>
        <spirit:name>S00_AXI_reg</spirit:name>
        <spirit:baseAddress spirit:format="long" spirit:resolve="user">0</spirit:baseAddress>
        <spirit:range spirit:format="long">4096</spirit:range>
        <spirit:width spirit:format="long">32</spirit:width>
        <spirit:usage>register</spirit:usage>
        <spirit:parameters>
          <spirit:parameter>
            <spirit:name>OFFSET_BASE_PARAM</spirit:name>
            <spirit:value spirit:id="ADDRBLOCKPARAM_VALUE.S00_AXI.S00_AXI_REG.OFFSET_BASE_PARAM">C_S00_AXI_BASEADDR</spirit:value>
          </spirit:parameter>
          <spirit:parameter>
            <spirit:name>OFFSET_HIGH_PARAM</spirit:name>
            <spirit:value spirit:id="ADDRBLOCKPARAM_VALUE.S00_AXI.S00_AXI_REG.OFFSET_HIGH_PARAM">C_S00_AXI_HIGHADDR</spirit:value>
          </spirit:parameter>
        </spirit:parameters>
      </spirit:addressBlock>
    </spirit:memoryMap>
  </spirit:memoryMaps>
  <spirit:model>
    <spirit:views>
      <spirit:view>
        <spirit:name>xilinx_vhdlsynthesis</spirit:name>
        <spirit:displayName>VHDL Synthesis</spirit:displayName>
        <spirit:envIdentifier>vhdlSource:vivado.xilinx.com:synthesis</spirit:envIdentifier>
        <spirit:language>vhdl</spirit:language>
        <spirit:modelName>myip_v1_0</spirit:modelName>
        <spirit:fileSetRef>
          <spirit:localName>xilinx_vhdlsynthesis_view_fileset</spirit:localName>
        </spirit:fileSetRef>
        <spirit:parameters>
          <spirit:parameter>
            <spirit:name>viewChecksum</spirit:name>
            <spirit:value>d681a716</spirit:value>
          </spirit:parameter>
        </spirit:parameters>
      </spirit:view>
      <spirit:view>
        <spirit:name>xilinx_vhdlbehavioralsimulation</spirit:name>
        <spirit:displayName>VHDL Simulation</spirit:displayName>
        <spirit:envIdentifier>vhdlSource:vivado.xilinx.com:simulation</spirit:envIdentifier>
        <spirit:language>vhdl</spirit:language>
        <spirit:modelName>myip_v1_0</spirit:modelName>
        <spirit:fileSetRef>
          <spirit:localName>xilinx_vhdlbehavioralsimulation_view_fileset</spirit:localName>
        </spirit:fileSetRef>
        <spirit:parameters>
          <spirit:parameter>
            <spirit:name>viewChecksum</spirit:name>
            <spirit:value>d681a716</spirit:value>
          </spirit:parameter>
        </spirit:parameters>
      </spirit:view>
      <spirit:view>
        <spirit:name>xilinx_softwaredriver</spirit:name>
        <spirit:displayName>Software Driver</spirit:displayName>
        <spirit:envIdentifier>:vivado.xilinx.com:sw.driver</spirit:envIdentifier>
        <spirit:fileSetRef>
          <spirit:localName>xilinx_softwaredriver_view_fileset</spirit:localName>
        </spirit:fileSetRef>
        <spirit:parameters>
          <spirit:parameter>
            <spirit:name>viewChecksum</spirit:name>
            <spirit:value>91bb46f5</spirit:value>
          </spirit:parameter>
        </spirit:parameters>
      </spirit:view>
      <spirit:view>
        <spirit:name>xilinx_xpgui</spirit:name>
        <spirit:displayName>UI Layout</spirit:displayName>
        <spirit:envIdentifier>:vivado.xilinx.com:xgui.ui</spirit:envIdentifier>
        <spirit:fileSetRef>
          <spirit:localName>xilinx_xpgui_view_fileset</spirit:localName>
        </spirit:fileSetRef>
        <spirit:parameters>
          <spirit:parameter>
            <spirit:name>viewChecksum</spirit:name>
            <spirit:value>dda4df14</spirit:value>
          </spirit:parameter>
        </spirit:parameters>
      </spirit:view>
      <spirit:view>
        <spirit:name>bd_tcl</spirit:name>
        <spirit:displayName>Block Diagram</spirit:displayName>
        <spirit:envIdentifier>:vivado.xilinx.com:block.diagram</spirit:envIdentifier>
        <spirit:fileSetRef>
          <spirit:localName>bd_tcl_view_fileset</spirit:localName>
        </spirit:fileSetRef>
        <spirit:parameters>
          <spirit:parameter>
            <spirit:name>viewChecksum</spirit:name>
            <spirit:value>16328387</spirit:value>
          </spirit:parameter>
        </spirit:parameters>
      </spirit:view>
    </spirit:views>
    <spirit:ports>
      <spirit:port>
        <spirit:name>e1_acc</spirit:name>
        <spirit:wire>
          <spirit:direction>out</spirit:direction>
          <spirit:vector>
            <spirit:left spirit:format="long">63</spirit:left>
            <spirit:right spirit:format="long">0</spirit:right>
          </spirit:vector>
          <spirit:wireTypeDefs>
            <spirit:wireTypeDef>
              <spirit:typeName>std_logic_vector</spirit:typeName>
              <spirit:viewNameRef>xilinx_vhdlsynthesis</spirit:viewNameRef>
              <spirit:viewNameRef>xilinx_vhdlbehavioralsimulation</spirit:viewNameRef>
            </spirit:wireTypeDef>
          </spirit:wireTypeDefs>
        </spirit:wire>
      </spirit:port>
      <spirit:port>
        <spirit:name>e1_vel</spirit:name>
        <spirit:wire>
          <spirit:direction>out</spirit:direction>
          <spirit:vector>
            <spirit:left spirit:format="long">63</spirit:left>
            <spirit:right spirit:format="long">0</spirit:right>
          </spirit:vector>
          <spirit:wireTypeDefs>
            <spirit:wireTypeDef>
              <spirit:typeName>std_logic_vector</spirit:typeName>
              <spirit:viewNameRef>xilinx_vhdlsynthesis</spirit:viewNameRef>
              <spirit:viewNameRef>xilinx_vhdlbehavioralsimulation</spirit:viewNameRef>
            </spirit:wireTypeDef>
          </spirit:wireTypeDefs>
        </spirit:wire>
      </spirit:port>
      <spirit:port>
        <spirit:name>e1_pos</spirit:name>
        <spirit:wire>
          <spirit:direction>out</spirit:direction>
          <spirit:vector>
            <spirit:left spirit:format="long">63</spirit:left>
            <spirit:right spirit:format="long">0</spirit:right>
          </spirit:vector>
          <spirit:wireTypeDefs>
            <spirit:wireTypeDef>
              <spirit:typeName>std_logic_vector</spirit:typeName>
              <spirit:viewNameRef>xilinx_vhdlsynthesis</spirit:viewNameRef>
              <spirit:viewNameRef>xilinx_vhdlbehavioralsimulation</spirit:viewNameRef>
            </spirit:wireTypeDef>
          </spirit:wireTypeDefs>
        </spirit:wire>
      </spirit:port>
      <spirit:port>
        <spirit:name>e1_sol1</spirit:name>
        <spirit:wire>
          <spirit:direction>out</spirit:direction>
          <spirit:vector>
            <spirit:left spirit:format="long">31</spirit:left>
            <spirit:right spirit:format="long">0</spirit:right>
          </spirit:vector>
          <spirit:wireTypeDefs>
            <spirit:wireTypeDef>
              <spirit:typeName>std_logic_vector</spirit:typeName>
              <spirit:viewNameRef>xilinx_vhdlsynthesis</spirit:viewNameRef>
              <spirit:viewNameRef>xilinx_vhdlbehavioralsimulation</spirit:viewNameRef>
            </spirit:wireTypeDef>
          </spirit:wireTypeDefs>
        </spirit:wire>
      </spirit:port>
      <spirit:port>
        <spirit:name>e1_sol2</spirit:name>
        <spirit:wire>
          <spirit:direction>out</spirit:direction>
          <spirit:vector>
            <spirit:left spirit:format="long">31</spirit:left>
            <spirit:right spirit:format="long">0</spirit:right>
          </spirit:vector>
          <spirit:wireTypeDefs>
            <spirit:wireTypeDef>
              <spirit:typeName>std_logic_vector</spirit:typeName>
              <spirit:viewNameRef>xilinx_vhdlsynthesis</spirit:viewNameRef>
              <spirit:viewNameRef>xilinx_vhdlbehavioralsimulation</spirit:viewNameRef>
            </spirit:wireTypeDef>
          </spirit:wireTypeDefs>
        </spirit:wire>
      </spirit:port>
      <spirit:port>
        <spirit:name>e1_sol3</spirit:name>
        <spirit:wire>
          <spirit:direction>out</spirit:direction>
          <spirit:vector>
            <spirit:left spirit:format="long">31</spirit:left>
            <spirit:right spirit:format="long">0</spirit:right>
          </spirit:vector>
          <spirit:wireTypeDefs>
            <spirit:wireTypeDef>
              <spirit:typeName>std_logic_vector</spirit:typeName>
              <spirit:viewNameRef>xilinx_vhdlsynthesis</spirit:viewNameRef>
              <spirit:viewNameRef>xilinx_vhdlbehavioralsimulation</spirit:viewNameRef>
            </spirit:wireTypeDef>
          </spirit:wireTypeDefs>
        </spirit:wire>
      </spirit:port>
      <spirit:port>
        <spirit:name>e1_vel_out1</spirit:name>
        <spirit:wire>
          <spirit:direction>in</spirit:direction>
          <spirit:vector>
            <spirit:left spirit:format="long">31</spirit:left>
            <spirit:right spirit:format="long">0</spirit:right>
          </spirit:vector>
          <spirit:wireTypeDefs>
            <spirit:wireTypeDef>
              <spirit:typeName>std_logic_vector</spirit:typeName>
              <spirit:viewNameRef>xilinx_vhdlsynthesis</spirit:viewNameRef>
              <spirit:viewNameRef>xilinx_vhdlbehavioralsimulation</spirit:viewNameRef>
            </spirit:wireTypeDef>
          </spirit:wireTypeDefs>
        </spirit:wire>
      </spirit:port>
      <spirit:port>
        <spirit:name>e1_vel_out2</spirit:name>
        <spirit:wire>
          <spirit:direction>in</spirit:direction>
          <spirit:vector>
            <spirit:left spirit:format="long">31</spirit:left>
            <spirit:right spirit:format="long">0</spirit:right>
          </spirit:vector>
          <spirit:wireTypeDefs>
            <spirit:wireTypeDef>
              <spirit:typeName>std_logic_vector</spirit:typeName>
              <spirit:viewNameRef>xilinx_vhdlsynthesis</spirit:viewNameRef>
              <spirit:viewNameRef>xilinx_vhdlbehavioralsimulation</spirit:viewNameRef>
            </spirit:wireTypeDef>
          </spirit:wireTypeDefs>
        </spirit:wire>
      </spirit:port>
      <spirit:port>
        <spirit:name>e1_counta</spirit:name>
        <spirit:wire>
          <spirit:direction>in</spirit:direction>
          <spirit:vector>
            <spirit:left spirit:format="long">31</spirit:left>
            <spirit:right spirit:format="long">0</spirit:right>
          </spirit:vector>
          <spirit:wireTypeDefs>
            <spirit:wireTypeDef>
              <spirit:typeName>std_logic_vector</spirit:typeName>
              <spirit:viewNameRef>xilinx_vhdlsynthesis</spirit:viewNameRef>
              <spirit:viewNameRef>xilinx_vhdlbehavioralsimulation</spirit:viewNameRef>
            </spirit:wireTypeDef>
          </spirit:wireTypeDefs>
        </spirit:wire>
      </spirit:port>
      <spirit:port>
        <spirit:name>e1_countb</spirit:name>
        <spirit:wire>
          <spirit:direction>in</spirit:direction>
          <spirit:vector>
            <spirit:left spirit:format="long">31</spirit:left>
            <spirit:right spirit:format="long">0</spirit:right>
          </spirit:vector>
          <spirit:wireTypeDefs>
            <spirit:wireTypeDef>
              <spirit:typeName>std_logic_vector</spirit:typeName>
              <spirit:viewNameRef>xilinx_vhdlsynthesis</spirit:viewNameRef>
              <spirit:viewNameRef>xilinx_vhdlbehavioralsimulation</spirit:viewNameRef>
            </spirit:wireTypeDef>
          </spirit:wireTypeDefs>
        </spirit:wire>
      </spirit:port>
      <spirit:port>
        <spirit:name>contr</spirit:name>
        <spirit:wire>
          <spirit:direction>out</spirit:direction>
          <spirit:wireTypeDefs>
            <spirit:wireTypeDef>
              <spirit:typeName>std_logic</spirit:typeName>
              <spirit:viewNameRef>xilinx_vhdlsynthesis</spirit:viewNameRef>
              <spirit:viewNameRef>xilinx_vhdlbehavioralsimulation</spirit:viewNameRef>
            </spirit:wireTypeDef>
          </spirit:wireTypeDefs>
        </spirit:wire>
      </spirit:port>
      <spirit:port>
        <spirit:name>contr2</spirit:name>
        <spirit:wire>
          <spirit:direction>out</spirit:direction>
          <spirit:wireTypeDefs>
            <spirit:wireTypeDef>
              <spirit:typeName>std_logic</spirit:typeName>
              <spirit:viewNameRef>xilinx_vhdlsynthesis</spirit:viewNameRef>
              <spirit:viewNameRef>xilinx_vhdlbehavioralsimulation</spirit:viewNameRef>
            </spirit:wireTypeDef>
          </spirit:wireTypeDefs>
        </spirit:wire>
      </spirit:port>
      <spirit:port>
        <spirit:name>s00_axi_awaddr</spirit:name>
        <spirit:wire>
          <spirit:direction>in</spirit:direction>
          <spirit:vector>
            <spirit:left spirit:format="long" spirit:resolve="dependent" spirit:dependency="(spirit:decode(id(&apos;MODELPARAM_VALUE.C_S00_AXI_ADDR_WIDTH&apos;)) - 1)">6</spirit:left>
            <spirit:right spirit:format="long">0</spirit:right>
          </spirit:vector>
          <spirit:wireTypeDefs>
            <spirit:wireTypeDef>
              <spirit:typeName>std_logic_vector</spirit:typeName>
              <spirit:viewNameRef>xilinx_vhdlsynthesis</spirit:viewNameRef>
              <spirit:viewNameRef>xilinx_vhdlbehavioralsimulation</spirit:viewNameRef>
            </spirit:wireTypeDef>
          </spirit:wireTypeDefs>
        </spirit:wire>
      </spirit:port>
      <spirit:port>
        <spirit:name>s00_axi_awprot</spirit:name>
        <spirit:wire>
          <spirit:direction>in</spirit:direction>
          <spirit:vector>
            <spirit:left spirit:format="long">2</spirit:left>
            <spirit:right spirit:format="long">0</spirit:right>
          </spirit:vector>
          <spirit:wireTypeDefs>
            <spirit:wireTypeDef>
              <spirit:typeName>std_logic_vector</spirit:typeName>
              <spirit:viewNameRef>xilinx_vhdlsynthesis</spirit:viewNameRef>
              <spirit:viewNameRef>xilinx_vhdlbehavioralsimulation</spirit:viewNameRef>
            </spirit:wireTypeDef>
          </spirit:wireTypeDefs>
        </spirit:wire>
      </spirit:port>
      <spirit:port>
        <spirit:name>s00_axi_awvalid</spirit:name>
        <spirit:wire>
          <spirit:direction>in</spirit:direction>
          <spirit:wireTypeDefs>
            <spirit:wireTypeDef>
              <spirit:typeName>std_logic</spirit:typeName>
              <spirit:viewNameRef>xilinx_vhdlsynthesis</spirit:viewNameRef>
              <spirit:viewNameRef>xilinx_vhdlbehavioralsimulation</spirit:viewNameRef>
            </spirit:wireTypeDef>
          </spirit:wireTypeDefs>
        </spirit:wire>
      </spirit:port>
      <spirit:port>
        <spirit:name>s00_axi_awready</spirit:name>
        <spirit:wire>
          <spirit:direction>out</spirit:direction>
          <spirit:wireTypeDefs>
            <spirit:wireTypeDef>
              <spirit:typeName>std_logic</spirit:typeName>
              <spirit:viewNameRef>xilinx_vhdlsynthesis</spirit:viewNameRef>
              <spirit:viewNameRef>xilinx_vhdlbehavioralsimulation</spirit:viewNameRef>
            </spirit:wireTypeDef>
          </spirit:wireTypeDefs>
        </spirit:wire>
      </spirit:port>
      <spirit:port>
        <spirit:name>s00_axi_wdata</spirit:name>
        <spirit:wire>
          <spirit:direction>in</spirit:direction>
          <spirit:vector>
            <spirit:left spirit:format="long" spirit:resolve="dependent" spirit:dependency="(spirit:decode(id(&apos;MODELPARAM_VALUE.C_S00_AXI_DATA_WIDTH&apos;)) - 1)">31</spirit:left>
            <spirit:right spirit:format="long">0</spirit:right>
          </spirit:vector>
          <spirit:wireTypeDefs>
            <spirit:wireTypeDef>
              <spirit:typeName>std_logic_vector</spirit:typeName>
              <spirit:viewNameRef>xilinx_vhdlsynthesis</spirit:viewNameRef>
              <spirit:viewNameRef>xilinx_vhdlbehavioralsimulation</spirit:viewNameRef>
            </spirit:wireTypeDef>
          </spirit:wireTypeDefs>
        </spirit:wire>
      </spirit:port>
      <spirit:port>
        <spirit:name>s00_axi_wstrb</spirit:name>
        <spirit:wire>
          <spirit:direction>in</spirit:direction>
          <spirit:vector>
            <spirit:left spirit:format="long" spirit:resolve="dependent" spirit:dependency="((spirit:decode(id(&apos;MODELPARAM_VALUE.C_S00_AXI_DATA_WIDTH&apos;)) / 8) - 1)">3</spirit:left>
            <spirit:right spirit:format="long">0</spirit:right>
          </spirit:vector>
          <spirit:wireTypeDefs>
            <spirit:wireTypeDef>
              <spirit:typeName>std_logic_vector</spirit:typeName>
              <spirit:viewNameRef>xilinx_vhdlsynthesis</spirit:viewNameRef>
              <spirit:viewNameRef>xilinx_vhdlbehavioralsimulation</spirit:viewNameRef>
            </spirit:wireTypeDef>
          </spirit:wireTypeDefs>
        </spirit:wire>
      </spirit:port>
      <spirit:port>
        <spirit:name>s00_axi_wvalid</spirit:name>
        <spirit:wire>
          <spirit:direction>in</spirit:direction>
          <spirit:wireTypeDefs>
            <spirit:wireTypeDef>
              <spirit:typeName>std_logic</spirit:typeName>
              <spirit:viewNameRef>xilinx_vhdlsynthesis</spirit:viewNameRef>
              <spirit:viewNameRef>xilinx_vhdlbehavioralsimulation</spirit:viewNameRef>
            </spirit:wireTypeDef>
          </spirit:wireTypeDefs>
        </spirit:wire>
      </spirit:port>
      <spirit:port>
        <spirit:name>s00_axi_wready</spirit:name>
        <spirit:wire>
          <spirit:direction>out</spirit:direction>
          <spirit:wireTypeDefs>
            <spirit:wireTypeDef>
              <spirit:typeName>std_logic</spirit:typeName>
              <spirit:viewNameRef>xilinx_vhdlsynthesis</spirit:viewNameRef>
              <spirit:viewNameRef>xilinx_vhdlbehavioralsimulation</spirit:viewNameRef>
            </spirit:wireTypeDef>
          </spirit:wireTypeDefs>
        </spirit:wire>
      </spirit:port>
      <spirit:port>
        <spirit:name>s00_axi_bresp</spirit:name>
        <spirit:wire>
          <spirit:direction>out</spirit:direction>
          <spirit:vector>
            <spirit:left spirit:format="long">1</spirit:left>
            <spirit:right spirit:format="long">0</spirit:right>
          </spirit:vector>
          <spirit:wireTypeDefs>
            <spirit:wireTypeDef>
              <spirit:typeName>std_logic_vector</spirit:typeName>
              <spirit:viewNameRef>xilinx_vhdlsynthesis</spirit:viewNameRef>
              <spirit:viewNameRef>xilinx_vhdlbehavioralsimulation</spirit:viewNameRef>
            </spirit:wireTypeDef>
          </spirit:wireTypeDefs>
        </spirit:wire>
      </spirit:port>
      <spirit:port>
        <spirit:name>s00_axi_bvalid</spirit:name>
        <spirit:wire>
          <spirit:direction>out</spirit:direction>
          <spirit:wireTypeDefs>
            <spirit:wireTypeDef>
              <spirit:typeName>std_logic</spirit:typeName>
              <spirit:viewNameRef>xilinx_vhdlsynthesis</spirit:viewNameRef>
              <spirit:viewNameRef>xilinx_vhdlbehavioralsimulation</spirit:viewNameRef>
            </spirit:wireTypeDef>
          </spirit:wireTypeDefs>
        </spirit:wire>
      </spirit:port>
      <spirit:port>
        <spirit:name>s00_axi_bready</spirit:name>
        <spirit:wire>
          <spirit:direction>in</spirit:direction>
          <spirit:wireTypeDefs>
            <spirit:wireTypeDef>
              <spirit:typeName>std_logic</spirit:typeName>
              <spirit:viewNameRef>xilinx_vhdlsynthesis</spirit:viewNameRef>
              <spirit:viewNameRef>xilinx_vhdlbehavioralsimulation</spirit:viewNameRef>
            </spirit:wireTypeDef>
          </spirit:wireTypeDefs>
        </spirit:wire>
      </spirit:port>
      <spirit:port>
        <spirit:name>s00_axi_araddr</spirit:name>
        <spirit:wire>
          <spirit:direction>in</spirit:direction>
          <spirit:vector>
            <spirit:left spirit:format="long" spirit:resolve="dependent" spirit:dependency="(spirit:decode(id(&apos;MODELPARAM_VALUE.C_S00_AXI_ADDR_WIDTH&apos;)) - 1)">6</spirit:left>
            <spirit:right spirit:format="long">0</spirit:right>
          </spirit:vector>
          <spirit:wireTypeDefs>
            <spirit:wireTypeDef>
              <spirit:typeName>std_logic_vector</spirit:typeName>
              <spirit:viewNameRef>xilinx_vhdlsynthesis</spirit:viewNameRef>
              <spirit:viewNameRef>xilinx_vhdlbehavioralsimulation</spirit:viewNameRef>
            </spirit:wireTypeDef>
          </spirit:wireTypeDefs>
        </spirit:wire>
      </spirit:port>
      <spirit:port>
        <spirit:name>s00_axi_arprot</spirit:name>
        <spirit:wire>
          <spirit:direction>in</spirit:direction>
          <spirit:vector>
            <spirit:left spirit:format="long">2</spirit:left>
            <spirit:right spirit:format="long">0</spirit:right>
          </spirit:vector>
          <spirit:wireTypeDefs>
            <spirit:wireTypeDef>
              <spirit:typeName>std_logic_vector</spirit:typeName>
              <spirit:viewNameRef>xilinx_vhdlsynthesis</spirit:viewNameRef>
              <spirit:viewNameRef>xilinx_vhdlbehavioralsimulation</spirit:viewNameRef>
            </spirit:wireTypeDef>
          </spirit:wireTypeDefs>
        </spirit:wire>
      </spirit:port>
      <spirit:port>
        <spirit:name>s00_axi_arvalid</spirit:name>
        <spirit:wire>
          <spirit:direction>in</spirit:direction>
          <spirit:wireTypeDefs>
            <spirit:wireTypeDef>
              <spirit:typeName>std_logic</spirit:typeName>
              <spirit:viewNameRef>xilinx_vhdlsynthesis</spirit:viewNameRef>
              <spirit:viewNameRef>xilinx_vhdlbehavioralsimulation</spirit:viewNameRef>
            </spirit:wireTypeDef>
          </spirit:wireTypeDefs>
        </spirit:wire>
      </spirit:port>
      <spirit:port>
        <spirit:name>s00_axi_arready</spirit:name>
        <spirit:wire>
          <spirit:direction>out</spirit:direction>
          <spirit:wireTypeDefs>
            <spirit:wireTypeDef>
              <spirit:typeName>std_logic</spirit:typeName>
              <spirit:viewNameRef>xilinx_vhdlsynthesis</spirit:viewNameRef>
              <spirit:viewNameRef>xilinx_vhdlbehavioralsimulation</spirit:viewNameRef>
            </spirit:wireTypeDef>
          </spirit:wireTypeDefs>
        </spirit:wire>
      </spirit:port>
      <spirit:port>
        <spirit:name>s00_axi_rdata</spirit:name>
        <spirit:wire>
          <spirit:direction>out</spirit:direction>
          <spirit:vector>
            <spirit:left spirit:format="long" spirit:resolve="dependent" spirit:dependency="(spirit:decode(id(&apos;MODELPARAM_VALUE.C_S00_AXI_DATA_WIDTH&apos;)) - 1)">31</spirit:left>
            <spirit:right spirit:format="long">0</spirit:right>
          </spirit:vector>
          <spirit:wireTypeDefs>
            <spirit:wireTypeDef>
              <spirit:typeName>std_logic_vector</spirit:typeName>
              <spirit:viewNameRef>xilinx_vhdlsynthesis</spirit:viewNameRef>
              <spirit:viewNameRef>xilinx_vhdlbehavioralsimulation</spirit:viewNameRef>
            </spirit:wireTypeDef>
          </spirit:wireTypeDefs>
        </spirit:wire>
      </spirit:port>
      <spirit:port>
        <spirit:name>s00_axi_rresp</spirit:name>
        <spirit:wire>
          <spirit:direction>out</spirit:direction>
          <spirit:vector>
            <spirit:left spirit:format="long">1</spirit:left>
            <spirit:right spirit:format="long">0</spirit:right>
          </spirit:vector>
          <spirit:wireTypeDefs>
            <spirit:wireTypeDef>
              <spirit:typeName>std_logic_vector</spirit:typeName>
              <spirit:viewNameRef>xilinx_vhdlsynthesis</spirit:viewNameRef>
              <spirit:viewNameRef>xilinx_vhdlbehavioralsimulation</spirit:viewNameRef>
            </spirit:wireTypeDef>
          </spirit:wireTypeDefs>
        </spirit:wire>
      </spirit:port>
      <spirit:port>
        <spirit:name>s00_axi_rvalid</spirit:name>
        <spirit:wire>
          <spirit:direction>out</spirit:direction>
          <spirit:wireTypeDefs>
            <spirit:wireTypeDef>
              <spirit:typeName>std_logic</spirit:typeName>
              <spirit:viewNameRef>xilinx_vhdlsynthesis</spirit:viewNameRef>
              <spirit:viewNameRef>xilinx_vhdlbehavioralsimulation</spirit:viewNameRef>
            </spirit:wireTypeDef>
          </spirit:wireTypeDefs>
        </spirit:wire>
      </spirit:port>
      <spirit:port>
        <spirit:name>s00_axi_rready</spirit:name>
        <spirit:wire>
          <spirit:direction>in</spirit:direction>
          <spirit:wireTypeDefs>
            <spirit:wireTypeDef>
              <spirit:typeName>std_logic</spirit:typeName>
              <spirit:viewNameRef>xilinx_vhdlsynthesis</spirit:viewNameRef>
              <spirit:viewNameRef>xilinx_vhdlbehavioralsimulation</spirit:viewNameRef>
            </spirit:wireTypeDef>
          </spirit:wireTypeDefs>
        </spirit:wire>
      </spirit:port>
      <spirit:port>
        <spirit:name>s00_axi_aclk</spirit:name>
        <spirit:wire>
          <spirit:direction>in</spirit:direction>
          <spirit:wireTypeDefs>
            <spirit:wireTypeDef>
              <spirit:typeName>std_logic</spirit:typeName>
              <spirit:viewNameRef>xilinx_vhdlsynthesis</spirit:viewNameRef>
              <spirit:viewNameRef>xilinx_vhdlbehavioralsimulation</spirit:viewNameRef>
            </spirit:wireTypeDef>
          </spirit:wireTypeDefs>
        </spirit:wire>
      </spirit:port>
      <spirit:port>
        <spirit:name>s00_axi_aresetn</spirit:name>
        <spirit:wire>
          <spirit:direction>in</spirit:direction>
          <spirit:wireTypeDefs>
            <spirit:wireTypeDef>
              <spirit:typeName>std_logic</spirit:typeName>
              <spirit:viewNameRef>xilinx_vhdlsynthesis</spirit:viewNameRef>
              <spirit:viewNameRef>xilinx_vhdlbehavioralsimulation</spirit:viewNameRef>
            </spirit:wireTypeDef>
          </spirit:wireTypeDefs>
        </spirit:wire>
      </spirit:port>
    </spirit:ports>
    <spirit:modelParameters>
      <spirit:modelParameter xsi:type="spirit:nameValueTypeType" spirit:dataType="integer">
        <spirit:name>C_S00_AXI_DATA_WIDTH</spirit:name>
        <spirit:displayName>C S00 AXI DATA WIDTH</spirit:displayName>
        <spirit:description>Width of S_AXI data bus</spirit:description>
        <spirit:value spirit:format="long" spirit:resolve="generated" spirit:id="MODELPARAM_VALUE.C_S00_AXI_DATA_WIDTH" spirit:order="3" spirit:rangeType="long">32</spirit:value>
      </spirit:modelParameter>
      <spirit:modelParameter spirit:dataType="integer">
        <spirit:name>C_S00_AXI_ADDR_WIDTH</spirit:name>
        <spirit:displayName>C S00 AXI ADDR WIDTH</spirit:displayName>
        <spirit:description>Width of S_AXI address bus</spirit:description>
        <spirit:value spirit:format="long" spirit:resolve="generated" spirit:id="MODELPARAM_VALUE.C_S00_AXI_ADDR_WIDTH" spirit:order="4" spirit:rangeType="long">7</spirit:value>
      </spirit:modelParameter>
    </spirit:modelParameters>
  </spirit:model>
  <spirit:choices>
    <spirit:choice>
      <spirit:name>choice_list_6fc15197</spirit:name>
      <spirit:enumeration>32</spirit:enumeration>
    </spirit:choice>
    <spirit:choice>
      <spirit:name>choice_list_9d8b0d81</spirit:name>
      <spirit:enumeration>ACTIVE_HIGH</spirit:enumeration>
      <spirit:enumeration>ACTIVE_LOW</spirit:enumeration>
    </spirit:choice>
    <spirit:choice>
      <spirit:name>choice_pairs_ce1226b1</spirit:name>
      <spirit:enumeration spirit:text="true">1</spirit:enumeration>
      <spirit:enumeration spirit:text="false">0</spirit:enumeration>
    </spirit:choice>
  </spirit:choices>
  <spirit:fileSets>
    <spirit:fileSet>
      <spirit:name>xilinx_vhdlsynthesis_view_fileset</spirit:name>
      <spirit:file>
        <spirit:name>hdl/myip_v1_0_S00_AXI.vhd</spirit:name>
        <spirit:fileType>vhdlSource</spirit:fileType>
      </spirit:file>
      <spirit:file>
        <spirit:name>hdl/myip_v1_0.vhd</spirit:name>
        <spirit:fileType>vhdlSource</spirit:fileType>
        <spirit:userFileType>CHECKSUM_8fb5dd3a</spirit:userFileType>
      </spirit:file>
    </spirit:fileSet>
    <spirit:fileSet>
      <spirit:name>xilinx_vhdlbehavioralsimulation_view_fileset</spirit:name>
      <spirit:file>
        <spirit:name>hdl/myip_v1_0_S00_AXI.vhd</spirit:name>
        <spirit:fileType>vhdlSource</spirit:fileType>
      </spirit:file>
      <spirit:file>
        <spirit:name>hdl/myip_v1_0.vhd</spirit:name>
        <spirit:fileType>vhdlSource</spirit:fileType>
      </spirit:file>
    </spirit:fileSet>
    <spirit:fileSet>
      <spirit:name>xilinx_softwaredriver_view_fileset</spirit:name>
      <spirit:file>
        <spirit:name>drivers/myip_v1_0/data/myip.mdd</spirit:name>
        <spirit:userFileType>mdd</spirit:userFileType>
        <spirit:userFileType>driver_mdd</spirit:userFileType>
      </spirit:file>
      <spirit:file>
        <spirit:name>drivers/myip_v1_0/data/myip.tcl</spirit:name>
        <spirit:fileType>tclSource</spirit:fileType>
        <spirit:userFileType>driver_tcl</spirit:userFileType>
      </spirit:file>
      <spirit:file>
        <spirit:name>drivers/myip_v1_0/src/Makefile</spirit:name>
        <spirit:userFileType>driver_src</spirit:userFileType>
      </spirit:file>
      <spirit:file>
        <spirit:name>drivers/myip_v1_0/src/myip.h</spirit:name>
        <spirit:fileType>cSource</spirit:fileType>
        <spirit:userFileType>driver_src</spirit:userFileType>
      </spirit:file>
      <spirit:file>
        <spirit:name>drivers/myip_v1_0/src/myip.c</spirit:name>
        <spirit:fileType>cSource</spirit:fileType>
        <spirit:userFileType>driver_src</spirit:userFileType>
      </spirit:file>
      <spirit:file>
        <spirit:name>drivers/myip_v1_0/src/myip_selftest.c</spirit:name>
        <spirit:fileType>cSource</spirit:fileType>
        <spirit:userFileType>driver_src</spirit:userFileType>
      </spirit:file>
    </spirit:fileSet>
    <spirit:fileSet>
      <spirit:name>xilinx_xpgui_view_fileset</spirit:name>
      <spirit:file>
        <spirit:name>xgui/myip_v1_0.tcl</spirit:name>
        <spirit:fileType>tclSource</spirit:fileType>
        <spirit:userFileType>CHECKSUM_dda4df14</spirit:userFileType>
        <spirit:userFileType>XGUI_VERSION_2</spirit:userFileType>
      </spirit:file>
    </spirit:fileSet>
    <spirit:fileSet>
      <spirit:name>bd_tcl_view_fileset</spirit:name>
      <spirit:file>
        <spirit:name>bd/bd.tcl</spirit:name>
        <spirit:fileType>tclSource</spirit:fileType>
      </spirit:file>
    </spirit:fileSet>
  </spirit:fileSets>
  <spirit:description>My new AXI IP</spirit:description>
  <spirit:parameters>
    <spirit:parameter>
      <spirit:name>C_S00_AXI_DATA_WIDTH</spirit:name>
      <spirit:displayName>C S00 AXI DATA WIDTH</spirit:displayName>
      <spirit:description>Width of S_AXI data bus</spirit:description>
      <spirit:value spirit:format="long" spirit:resolve="user" spirit:id="PARAM_VALUE.C_S00_AXI_DATA_WIDTH" spirit:choiceRef="choice_list_6fc15197" spirit:order="3">32</spirit:value>
      <spirit:vendorExtensions>
        <xilinx:parameterInfo>
          <xilinx:enablement>
            <xilinx:isEnabled xilinx:id="PARAM_ENABLEMENT.C_S00_AXI_DATA_WIDTH">false</xilinx:isEnabled>
          </xilinx:enablement>
        </xilinx:parameterInfo>
      </spirit:vendorExtensions>
    </spirit:parameter>
    <spirit:parameter>
      <spirit:name>C_S00_AXI_ADDR_WIDTH</spirit:name>
      <spirit:displayName>C S00 AXI ADDR WIDTH</spirit:displayName>
      <spirit:description>Width of S_AXI address bus</spirit:description>
      <spirit:value spirit:format="long" spirit:resolve="user" spirit:id="PARAM_VALUE.C_S00_AXI_ADDR_WIDTH" spirit:order="4" spirit:rangeType="long">7</spirit:value>
      <spirit:vendorExtensions>
        <xilinx:parameterInfo>
          <xilinx:enablement>
            <xilinx:isEnabled xilinx:id="PARAM_ENABLEMENT.C_S00_AXI_ADDR_WIDTH">false</xilinx:isEnabled>
          </xilinx:enablement>
        </xilinx:parameterInfo>
      </spirit:vendorExtensions>
    </spirit:parameter>
    <spirit:parameter>
      <spirit:name>C_S00_AXI_BASEADDR</spirit:name>
      <spirit:displayName>C S00 AXI BASEADDR</spirit:displayName>
      <spirit:value spirit:format="bitString" spirit:resolve="user" spirit:id="PARAM_VALUE.C_S00_AXI_BASEADDR" spirit:order="5" spirit:bitStringLength="32">0xFFFFFFFF</spirit:value>
      <spirit:vendorExtensions>
        <xilinx:parameterInfo>
          <xilinx:enablement>
            <xilinx:isEnabled xilinx:id="PARAM_ENABLEMENT.C_S00_AXI_BASEADDR">false</xilinx:isEnabled>
          </xilinx:enablement>
        </xilinx:parameterInfo>
      </spirit:vendorExtensions>
    </spirit:parameter>
    <spirit:parameter>
      <spirit:name>C_S00_AXI_HIGHADDR</spirit:name>
      <spirit:displayName>C S00 AXI HIGHADDR</spirit:displayName>
      <spirit:value spirit:format="bitString" spirit:resolve="user" spirit:id="PARAM_VALUE.C_S00_AXI_HIGHADDR" spirit:order="6" spirit:bitStringLength="32">0x00000000</spirit:value>
      <spirit:vendorExtensions>
        <xilinx:parameterInfo>
          <xilinx:enablement>
            <xilinx:isEnabled xilinx:id="PARAM_ENABLEMENT.C_S00_AXI_HIGHADDR">false</xilinx:isEnabled>
          </xilinx:enablement>
        </xilinx:parameterInfo>
      </spirit:vendorExtensions>
    </spirit:parameter>
    <spirit:parameter>
      <spirit:name>Component_Name</spirit:name>
      <spirit:value spirit:resolve="user" spirit:id="PARAM_VALUE.Component_Name" spirit:order="1">myip_v1_0</spirit:value>
    </spirit:parameter>
  </spirit:parameters>
  <spirit:vendorExtensions>
    <xilinx:coreExtensions>
      <xilinx:supportedFamilies>
        <xilinx:family xilinx:lifeCycle="Pre-Production">zynq</xilinx:family>
      </xilinx:supportedFamilies>
      <xilinx:taxonomies>
        <xilinx:taxonomy>AXI_Peripheral</xilinx:taxonomy>
      </xilinx:taxonomies>
      <xilinx:displayName>myip_v1.0</xilinx:displayName>
      <xilinx:coreRevision>12</xilinx:coreRevision>
      <xilinx:coreCreationDateTime>2025-10-11T14:34:36Z</xilinx:coreCreationDateTime>
      <xilinx:tags>
        <xilinx:tag xilinx:name="ui.data.coregen.dd@5b781db2_ARCHIVE_LOCATION">c:/Users/Samuele/Desktop/prototipo_singolo_encoder/ip_repo/myip_1.0</xilinx:tag>
        <xilinx:tag xilinx:name="ui.data.coregen.dd@73858dcc_ARCHIVE_LOCATION">c:/Users/Samuele/Desktop/prototipo_singolo_encoder/ip_repo/myip_1.0</xilinx:tag>
        <xilinx:tag xilinx:name="ui.data.coregen.dd@2c7ba7cf_ARCHIVE_LOCATION">c:/Users/Samuele/Desktop/prototipo_singolo_encoder/ip_repo/myip_1.0</xilinx:tag>
        <xilinx:tag xilinx:name="ui.data.coregen.dd@1362205f_ARCHIVE_LOCATION">c:/Users/Samuele/Desktop/prototipo_singolo_encoder/ip_repo/myip_1.0</xilinx:tag>
        <xilinx:tag xilinx:name="ui.data.coregen.dd@5ea35d7d_ARCHIVE_LOCATION">c:/Users/Samuele/Desktop/prototipo_singolo_encoder/ip_repo/myip_1.0</xilinx:tag>
        <xilinx:tag xilinx:name="ui.data.coregen.dd@4bda6e0e_ARCHIVE_LOCATION">c:/Users/Samuele/Desktop/prototipo_singolo_encoder/ip_repo/myip_1.0</xilinx:tag>
        <xilinx:tag xilinx:name="ui.data.coregen.dd@107e33b2_ARCHIVE_LOCATION">c:/Users/Samuele/Desktop/prototipo_singolo_encoder/ip_repo/myip_1.0</xilinx:tag>
        <xilinx:tag xilinx:name="ui.data.coregen.dd@291e0d2a_ARCHIVE_LOCATION">c:/Users/Samuele/Desktop/prototipo_singolo_encoder/ip_repo/myip_1.0</xilinx:tag>
        <xilinx:tag xilinx:name="ui.data.coregen.dd@3c422ad8_ARCHIVE_LOCATION">c:/Users/Samuele/Desktop/prototipo_singolo_encoder/ip_repo/myip_1.0</xilinx:tag>
        <xilinx:tag xilinx:name="ui.data.coregen.dd@36aaaf73_ARCHIVE_LOCATION">c:/Users/Samuele/Desktop/prototipo_singolo_encoder/ip_repo/myip_1.0</xilinx:tag>
        <xilinx:tag xilinx:name="ui.data.coregen.dd@4daa86b2_ARCHIVE_LOCATION">c:/Users/Samuele/Desktop/prototipo_singolo_encoder/ip_repo/myip_1.0</xilinx:tag>
        <xilinx:tag xilinx:name="ui.data.coregen.dd@3ebf6797_ARCHIVE_LOCATION">c:/Users/Samuele/Desktop/prototipo_singolo_encoder/ip_repo/myip_1.0</xilinx:tag>
        <xilinx:tag xilinx:name="ui.data.coregen.dd@32d62f4d_ARCHIVE_LOCATION">c:/Users/Samuele/Desktop/prototipo_singolo_encoder/ip_repo/myip_1.0</xilinx:tag>
        <xilinx:tag xilinx:name="ui.data.coregen.dd@7ce83374_ARCHIVE_LOCATION">c:/Users/Samuele/Desktop/prototipo_singolo_encoder/ip_repo/myip_1.0</xilinx:tag>
        <xilinx:tag xilinx:name="ui.data.coregen.dd@793cef1a_ARCHIVE_LOCATION">c:/Users/Samuele/Desktop/prototipo_singolo_encoder/ip_repo/myip_1.0</xilinx:tag>
        <xilinx:tag xilinx:name="ui.data.coregen.dd@1caa06fa_ARCHIVE_LOCATION">c:/Users/Samuele/Desktop/prototipo_singolo_encoder/ip_repo/myip_1.0</xilinx:tag>
        <xilinx:tag xilinx:name="ui.data.coregen.dd@71034783_ARCHIVE_LOCATION">c:/Users/Samuele/Desktop/prototipo_singolo_encoder/ip_repo/myip_1.0</xilinx:tag>
        <xilinx:tag xilinx:name="ui.data.coregen.dd@ccca91a_ARCHIVE_LOCATION">c:/Users/Samuele/Desktop/prototipo_singolo_encoder/ip_repo/myip_1.0</xilinx:tag>
        <xilinx:tag xilinx:name="ui.data.coregen.dd@7c14df2a_ARCHIVE_LOCATION">c:/Users/Samuele/Desktop/prototipo_singolo_encoder/ip_repo/myip_1.0</xilinx:tag>
        <xilinx:tag xilinx:name="ui.data.coregen.dd@3edf9049_ARCHIVE_LOCATION">c:/Users/Samuele/Desktop/prototipo_singolo_encoder/ip_repo/myip_1.0</xilinx:tag>
        <xilinx:tag xilinx:name="ui.data.coregen.dd@2dd7ad3c_ARCHIVE_LOCATION">c:/Users/Samuele/Desktop/prototipo_singolo_encoder/ip_repo/myip_1.0</xilinx:tag>
        <xilinx:tag xilinx:name="ui.data.coregen.dd@4c4fdcb1_ARCHIVE_LOCATION">c:/Users/Samuele/Desktop/prototipo_singolo_encoder/ip_repo/myip_1.0</xilinx:tag>
        <xilinx:tag xilinx:name="ui.data.coregen.dd@2ec96027_ARCHIVE_LOCATION">c:/Users/Samuele/Desktop/prototipo_singolo_encoder/ip_repo/myip_1.0</xilinx:tag>
        <xilinx:tag xilinx:name="ui.data.coregen.dd@6c964cf8_ARCHIVE_LOCATION">c:/Users/Samuele/Desktop/prototipo_singolo_encoder/ip_repo/myip_1.0</xilinx:tag>
        <xilinx:tag xilinx:name="ui.data.coregen.dd@3be16994_ARCHIVE_LOCATION">c:/Users/Samuele/Desktop/prototipo_singolo_encoder/ip_repo/myip_1.0</xilinx:tag>
        <xilinx:tag xilinx:name="ui.data.coregen.dd@44b4bf82_ARCHIVE_LOCATION">c:/Users/Samuele/Desktop/prototipo_singolo_encoder/ip_repo/myip_1.0</xilinx:tag>
        <xilinx:tag xilinx:name="ui.data.coregen.dd@5fb0635d_ARCHIVE_LOCATION">c:/Users/Samuele/Desktop/prototipo_singolo_encoder/ip_repo/myip_1.0</xilinx:tag>
        <xilinx:tag xilinx:name="ui.data.coregen.dd@3a6060de_ARCHIVE_LOCATION">c:/Users/Samuele/Desktop/prototipo_singolo_encoder/ip_repo/myip_1.0</xilinx:tag>
        <xilinx:tag xilinx:name="ui.data.coregen.dd@e90b70e_ARCHIVE_LOCATION">c:/Users/Samuele/Desktop/prototipo_singolo_encoder/ip_repo/myip_1.0</xilinx:tag>
        <xilinx:tag xilinx:name="ui.data.coregen.dd@5dba6b03_ARCHIVE_LOCATION">c:/Users/Samuele/Desktop/prototipo_singolo_encoder/ip_repo/myip_1.0</xilinx:tag>
        <xilinx:tag xilinx:name="ui.data.coregen.dd@332bfddf_ARCHIVE_LOCATION">c:/Users/Samuele/Desktop/prototipo_singolo_encoder/ip_repo/myip_1.0</xilinx:tag>
        <xilinx:tag xilinx:name="ui.data.coregen.dd@55584a67_ARCHIVE_LOCATION">c:/Users/Samuele/Desktop/prototipo_singolo_encoder/ip_repo/myip_1.0</xilinx:tag>
        <xilinx:tag xilinx:name="ui.data.coregen.dd@130a3a91_ARCHIVE_LOCATION">c:/Users/Samuele/Desktop/prototipo_singolo_encoder/ip_repo/myip_1.0</xilinx:tag>
        <xilinx:tag xilinx:name="ui.data.coregen.dd@5c0aa7cd_ARCHIVE_LOCATION">c:/Users/Samuele/Desktop/prototipo_singolo_encoder/ip_repo/myip_1.0</xilinx:tag>
        <xilinx:tag xilinx:name="ui.data.coregen.dd@104519a1_ARCHIVE_LOCATION">c:/Users/Samuele/Desktop/prototipo_singolo_encoder/ip_repo/myip_1.0</xilinx:tag>
        <xilinx:tag xilinx:name="ui.data.coregen.dd@67a063de_ARCHIVE_LOCATION">c:/Users/Samuele/Desktop/prototipo_singolo_encoder/ip_repo/myip_1.0</xilinx:tag>
        <xilinx:tag xilinx:name="ui.data.coregen.dd@697120b0_ARCHIVE_LOCATION">c:/Users/Samuele/Desktop/prototipo_singolo_encoder/ip_repo/myip_1.0</xilinx:tag>
        <xilinx:tag xilinx:name="ui.data.coregen.dd@e8f565d_ARCHIVE_LOCATION">c:/Users/Samuele/Desktop/prototipo_singolo_encoder/ip_repo/myip_1.0</xilinx:tag>
        <xilinx:tag xilinx:name="ui.data.coregen.dd@53699a02_ARCHIVE_LOCATION">c:/Users/Samuele/Desktop/prototipo_singolo_encoder/ip_repo/myip_1.0</xilinx:tag>
        <xilinx:tag xilinx:name="ui.data.coregen.dd@60c63550_ARCHIVE_LOCATION">c:/Users/Samuele/Desktop/prototipo_singolo_encoder/ip_repo/myip_1.0</xilinx:tag>
        <xilinx:tag xilinx:name="ui.data.coregen.dd@22c67241_ARCHIVE_LOCATION">c:/Users/Samuele/Desktop/prototipo_singolo_encoder/ip_repo/myip_1.0</xilinx:tag>
        <xilinx:tag xilinx:name="ui.data.coregen.dd@4bc715a8_ARCHIVE_LOCATION">c:/Users/Samuele/Desktop/prototipo_singolo_encoder/ip_repo/myip_1.0</xilinx:tag>
        <xilinx:tag xilinx:name="ui.data.coregen.dd@4b7d4a3b_ARCHIVE_LOCATION">c:/Users/Samuele/Desktop/prototipo_singolo_encoder/ip_repo/myip_1.0</xilinx:tag>
        <xilinx:tag xilinx:name="ui.data.coregen.dd@50215ad_ARCHIVE_LOCATION">c:/Users/Samuele/Desktop/prototipo_singolo_encoder/ip_repo/myip_1.0</xilinx:tag>
        <xilinx:tag xilinx:name="ui.data.coregen.dd@585d0c4_ARCHIVE_LOCATION">c:/Users/Samuele/Desktop/prototipo_singolo_encoder/ip_repo/myip_1.0</xilinx:tag>
        <xilinx:tag xilinx:name="ui.data.coregen.dd@2abf6fa6_ARCHIVE_LOCATION">c:/Users/Samuele/Desktop/prototipo_singolo_encoder/ip_repo/myip_1.0</xilinx:tag>
        <xilinx:tag xilinx:name="ui.data.coregen.dd@21418724_ARCHIVE_LOCATION">c:/Users/Samuele/Desktop/prototipo_singolo_encoder/ip_repo/myip_1.0</xilinx:tag>
        <xilinx:tag xilinx:name="ui.data.coregen.dd@2dc31c45_ARCHIVE_LOCATION">c:/Users/Samuele/Desktop/prototipo_singolo_encoder/ip_repo/myip_1.0</xilinx:tag>
        <xilinx:tag xilinx:name="ui.data.coregen.dd@7415eeed_ARCHIVE_LOCATION">c:/Users/Samuele/Desktop/prototipo_singolo_encoder/ip_repo/myip_1.0</xilinx:tag>
        <xilinx:tag xilinx:name="ui.data.coregen.dd@2c5c2080_ARCHIVE_LOCATION">c:/Users/Samuele/Desktop/prototipo_singolo_encoder/ip_repo/myip_1.0</xilinx:tag>
        <xilinx:tag xilinx:name="ui.data.coregen.dd@16b08874_ARCHIVE_LOCATION">c:/Users/Samuele/Desktop/prototipo_singolo_encoder/ip_repo/myip_1.0</xilinx:tag>
        <xilinx:tag xilinx:name="ui.data.coregen.dd@3fe910dd_ARCHIVE_LOCATION">c:/Users/Samuele/Desktop/prototipo_singolo_encoder/ip_repo/myip_1.0</xilinx:tag>
        <xilinx:tag xilinx:name="ui.data.coregen.dd@f0d042c_ARCHIVE_LOCATION">c:/Users/Samuele/Desktop/prototipo_singolo_encoder/ip_repo/myip_1.0</xilinx:tag>
        <xilinx:tag xilinx:name="ui.data.coregen.dd@35d2d33f_ARCHIVE_LOCATION">c:/Users/Samuele/Desktop/prototipo_singolo_encoder/ip_repo/myip_1.0</xilinx:tag>
        <xilinx:tag xilinx:name="ui.data.coregen.dd@7aba6e98_ARCHIVE_LOCATION">c:/Users/Samuele/Desktop/prototipo_singolo_encoder/ip_repo/myip_1.0</xilinx:tag>
        <xilinx:tag xilinx:name="ui.data.coregen.dd@77ebe702_ARCHIVE_LOCATION">c:/Users/Samuele/Desktop/prototipo_singolo_encoder/ip_repo/myip_1.0</xilinx:tag>
        <xilinx:tag xilinx:name="ui.data.coregen.dd@39d0c12_ARCHIVE_LOCATION">c:/Users/Samuele/Desktop/prototipo_singolo_encoder/ip_repo/myip_1.0</xilinx:tag>
        <xilinx:tag xilinx:name="ui.data.coregen.dd@1f2e1380_ARCHIVE_LOCATION">c:/Users/Samuele/Desktop/prototipo_singolo_encoder/ip_repo/myip_1.0</xilinx:tag>
        <xilinx:tag xilinx:name="ui.data.coregen.dd@7514f73d_ARCHIVE_LOCATION">c:/Users/Samuele/Desktop/prototipo_singolo_encoder/ip_repo/myip_1.0</xilinx:tag>
        <xilinx:tag xilinx:name="ui.data.coregen.dd@154f3230_ARCHIVE_LOCATION">c:/Users/Samuele/Desktop/prototipo_singolo_encoder/ip_repo/myip_1.0</xilinx:tag>
        <xilinx:tag xilinx:name="ui.data.coregen.dd@668bcdde_ARCHIVE_LOCATION">c:/Users/Samuele/Desktop/prototipo_singolo_encoder/ip_repo/myip_1.0</xilinx:tag>
        <xilinx:tag xilinx:name="ui.data.coregen.dd@1dc81381_ARCHIVE_LOCATION">c:/Users/Samuele/Desktop/prototipo_singolo_encoder/ip_repo/myip_1.0</xilinx:tag>
        <xilinx:tag xilinx:name="ui.data.coregen.dd@3fc18c61_ARCHIVE_LOCATION">c:/Users/Samuele/Desktop/prototipo_singolo_encoder/ip_repo/myip_1.0</xilinx:tag>
        <xilinx:tag xilinx:name="ui.data.coregen.dd@523770e2_ARCHIVE_LOCATION">c:/Users/Samuele/Desktop/prototipo_singolo_encoder/ip_repo/myip_1.0</xilinx:tag>
        <xilinx:tag xilinx:name="ui.data.coregen.dd@4a113291_ARCHIVE_LOCATION">c:/Users/Samuele/Desktop/prototipo_singolo_encoder/ip_repo/myip_1.0</xilinx:tag>
        <xilinx:tag xilinx:name="ui.data.coregen.dd@4ce15b54_ARCHIVE_LOCATION">c:/Users/Samuele/Desktop/prototipo_singolo_encoder/ip_repo/myip_1.0</xilinx:tag>
        <xilinx:tag xilinx:name="ui.data.coregen.dd@4c83c08d_ARCHIVE_LOCATION">c:/Users/Samuele/Desktop/prototipo_singolo_encoder/ip_repo/myip_1.0</xilinx:tag>
        <xilinx:tag xilinx:name="ui.data.coregen.dd@2e7fe7e6_ARCHIVE_LOCATION">c:/Users/Samuele/Desktop/prototipo_singolo_encoder/ip_repo/myip_1.0</xilinx:tag>
        <xilinx:tag xilinx:name="ui.data.coregen.dd@305f1769_ARCHIVE_LOCATION">c:/Users/Samuele/Desktop/prototipo_singolo_encoder/ip_repo/myip_1.0</xilinx:tag>
        <xilinx:tag xilinx:name="ui.data.coregen.dd@11faff77_ARCHIVE_LOCATION">c:/Users/Samuele/Desktop/prototipo_singolo_encoder/ip_repo/myip_1.0</xilinx:tag>
        <xilinx:tag xilinx:name="ui.data.coregen.dd@15082bef_ARCHIVE_LOCATION">c:/Users/Samuele/Desktop/prototipo_singolo_encoder/ip_repo/myip_1.0</xilinx:tag>
        <xilinx:tag xilinx:name="ui.data.coregen.dd@4684b83a_ARCHIVE_LOCATION">c:/Users/Samuele/Desktop/prototipo_singolo_encoder/ip_repo/myip_1.0</xilinx:tag>
        <xilinx:tag xilinx:name="ui.data.coregen.dd@54bf12ca_ARCHIVE_LOCATION">c:/Users/Samuele/Desktop/prototipo_singolo_encoder/ip_repo/myip_1.0</xilinx:tag>
        <xilinx:tag xilinx:name="ui.data.coregen.dd@6c5bb450_ARCHIVE_LOCATION">c:/Users/Samuele/Desktop/prototipo_singolo_encoder/ip_repo/myip_1.0</xilinx:tag>
        <xilinx:tag xilinx:name="ui.data.coregen.dd@794482da_ARCHIVE_LOCATION">c:/Users/Samuele/Desktop/prototipo_singolo_encoder/ip_repo/myip_1.0</xilinx:tag>
        <xilinx:tag xilinx:name="ui.data.coregen.dd@c284b48_ARCHIVE_LOCATION">c:/Users/Samuele/Desktop/prototipo_singolo_encoder/ip_repo/myip_1.0</xilinx:tag>
        <xilinx:tag xilinx:name="ui.data.coregen.dd@66547add_ARCHIVE_LOCATION">c:/Users/Samuele/Desktop/prototipo_singolo_encoder/ip_repo/myip_1.0</xilinx:tag>
        <xilinx:tag xilinx:name="ui.data.coregen.dd@3871e538_ARCHIVE_LOCATION">c:/Users/Samuele/Desktop/prototipo_singolo_encoder/ip_repo/myip_1.0</xilinx:tag>
        <xilinx:tag xilinx:name="ui.data.coregen.dd@558b20e5_ARCHIVE_LOCATION">c:/Users/Samuele/Desktop/prototipo_singolo_encoder/ip_repo/myip_1.0</xilinx:tag>
        <xilinx:tag xilinx:name="ui.data.coregen.dd@643d9010_ARCHIVE_LOCATION">c:/Users/Samuele/Desktop/prototipo_singolo_encoder/ip_repo/myip_1.0</xilinx:tag>
        <xilinx:tag xilinx:name="ui.data.coregen.dd@278be553_ARCHIVE_LOCATION">c:/Users/Samuele/Desktop/prototipo_singolo_encoder/ip_repo/myip_1.0</xilinx:tag>
        <xilinx:tag xilinx:name="ui.data.coregen.dd@4666e513_ARCHIVE_LOCATION">c:/Users/Samuele/Desktop/prototipo_singolo_encoder/ip_repo/myip_1.0</xilinx:tag>
        <xilinx:tag xilinx:name="ui.data.coregen.dd@e353ffd_ARCHIVE_LOCATION">c:/Users/Samuele/Desktop/prototipo_singolo_encoder/ip_repo/myip_1.0</xilinx:tag>
        <xilinx:tag xilinx:name="ui.data.coregen.dd@2072f8d2_ARCHIVE_LOCATION">c:/Users/Samuele/Desktop/prototipo_singolo_encoder/ip_repo/myip_1.0</xilinx:tag>
        <xilinx:tag xilinx:name="ui.data.coregen.dd@50933870_ARCHIVE_LOCATION">c:/Users/Samuele/Desktop/prototipo_singolo_encoder/ip_repo/myip_1.0</xilinx:tag>
        <xilinx:tag xilinx:name="ui.data.coregen.dd@7197d2c5_ARCHIVE_LOCATION">c:/Users/Samuele/Desktop/prototipo_singolo_encoder/ip_repo/myip_1.0</xilinx:tag>
        <xilinx:tag xilinx:name="ui.data.coregen.dd@3e13a737_ARCHIVE_LOCATION">c:/Users/Samuele/Desktop/prototipo_singolo_encoder/ip_repo/myip_1.0</xilinx:tag>
        <xilinx:tag xilinx:name="ui.data.coregen.dd@6fabc282_ARCHIVE_LOCATION">c:/Users/Samuele/Desktop/prototipo_singolo_encoder/ip_repo/myip_1.0</xilinx:tag>
        <xilinx:tag xilinx:name="ui.data.coregen.dd@139483a3_ARCHIVE_LOCATION">c:/Users/Samuele/Desktop/prototipo_singolo_encoder/ip_repo/myip_1.0</xilinx:tag>
        <xilinx:tag xilinx:name="ui.data.coregen.dd@ccf8bdb_ARCHIVE_LOCATION">c:/Users/Samuele/Desktop/prototipo_singolo_encoder/ip_repo/myip_1.0</xilinx:tag>
        <xilinx:tag xilinx:name="ui.data.coregen.dd@40977a5c_ARCHIVE_LOCATION">c:/Users/Samuele/Desktop/prototipo_singolo_encoder/ip_repo/myip_1.0</xilinx:tag>
        <xilinx:tag xilinx:name="ui.data.coregen.dd@2a0e6be6_ARCHIVE_LOCATION">c:/Users/Samuele/Desktop/prototipo_singolo_encoder/ip_repo/myip_1.0</xilinx:tag>
        <xilinx:tag xilinx:name="ui.data.coregen.dd@440ce7ed_ARCHIVE_LOCATION">c:/Users/Samuele/Desktop/prototipo_singolo_encoder/ip_repo/myip_1.0</xilinx:tag>
        <xilinx:tag xilinx:name="ui.data.coregen.dd@2860c568_ARCHIVE_LOCATION">c:/Users/Samuele/Desktop/prototipo_singolo_encoder/ip_repo/myip_1.0</xilinx:tag>
        <xilinx:tag xilinx:name="ui.data.coregen.dd@7673e42b_ARCHIVE_LOCATION">c:/Users/Samuele/Desktop/prototipo_singolo_encoder/ip_repo/myip_1.0</xilinx:tag>
        <xilinx:tag xilinx:name="ui.data.coregen.dd@f4a9621_ARCHIVE_LOCATION">c:/Users/Samuele/Desktop/prototipo_singolo_encoder/ip_repo/myip_1.0</xilinx:tag>
        <xilinx:tag xilinx:name="ui.data.coregen.dd@1a20cdb1_ARCHIVE_LOCATION">c:/Users/Samuele/Desktop/prototipo_singolo_encoder/ip_repo/myip_1.0</xilinx:tag>
        <xilinx:tag xilinx:name="ui.data.coregen.dd@2e55c26e_ARCHIVE_LOCATION">c:/Users/Samuele/Desktop/prototipo_singolo_encoder/ip_repo/myip_1.0</xilinx:tag>
        <xilinx:tag xilinx:name="ui.data.coregen.dd@6a21d786_ARCHIVE_LOCATION">c:/Users/Samuele/Desktop/prototipo_singolo_encoder/ip_repo/myip_1.0</xilinx:tag>
        <xilinx:tag xilinx:name="ui.data.coregen.dd@55c8fe27_ARCHIVE_LOCATION">c:/Users/Samuele/Desktop/prototipo_singolo_encoder/ip_repo/myip_1.0</xilinx:tag>
        <xilinx:tag xilinx:name="ui.data.coregen.dd@2004e96_ARCHIVE_LOCATION">c:/Users/Samuele/Desktop/prototipo_singolo_encoder/ip_repo/myip_1.0</xilinx:tag>
        <xilinx:tag xilinx:name="ui.data.coregen.dd@156d8a06_ARCHIVE_LOCATION">c:/Users/Samuele/Desktop/prototipo_singolo_encoder/ip_repo/myip_1.0</xilinx:tag>
        <xilinx:tag xilinx:name="ui.data.coregen.dd@3a53957c_ARCHIVE_LOCATION">c:/Users/Samuele/Desktop/prototipo_singolo_encoder/ip_repo/myip_1.0</xilinx:tag>
        <xilinx:tag xilinx:name="ui.data.coregen.dd@319fa18d_ARCHIVE_LOCATION">c:/Users/Samuele/Desktop/prototipo_singolo_encoder/ip_repo/myip_1.0</xilinx:tag>
        <xilinx:tag xilinx:name="ui.data.coregen.dd@3470113b_ARCHIVE_LOCATION">c:/Users/Samuele/Desktop/prototipo_singolo_encoder/ip_repo/myip_1.0</xilinx:tag>
        <xilinx:tag xilinx:name="ui.data.coregen.dd@70ecfb02_ARCHIVE_LOCATION">c:/Users/Samuele/Desktop/prototipo_singolo_encoder/ip_repo/myip_1.0</xilinx:tag>
        <xilinx:tag xilinx:name="ui.data.coregen.dd@1c7964cc_ARCHIVE_LOCATION">c:/Users/Samuele/Desktop/prototipo_singolo_encoder/ip_repo/myip_1.0</xilinx:tag>
        <xilinx:tag xilinx:name="ui.data.coregen.dd@60889db3_ARCHIVE_LOCATION">c:/Users/Samuele/Desktop/prototipo_singolo_encoder/ip_repo/myip_1.0</xilinx:tag>
        <xilinx:tag xilinx:name="ui.data.coregen.dd@11f6327a_ARCHIVE_LOCATION">c:/Users/Samuele/Desktop/prototipo_3encoder/ip_repo/myip_1.0</xilinx:tag>
        <xilinx:tag xilinx:name="ui.data.coregen.dd@e7cd27e_ARCHIVE_LOCATION">c:/Users/Samuele/Desktop/prototipo_3encoder/ip_repo/myip_1.0</xilinx:tag>
        <xilinx:tag xilinx:name="ui.data.coregen.dd@7c46bf87_ARCHIVE_LOCATION">c:/Users/Samuele/Desktop/prototipo_3encoder/ip_repo/myip_1.0</xilinx:tag>
        <xilinx:tag xilinx:name="ui.data.coregen.dd@36522002_ARCHIVE_LOCATION">c:/Users/Samuele/Desktop/prototipo_3encoder/ip_repo/myip_1.0</xilinx:tag>
        <xilinx:tag xilinx:name="ui.data.coregen.dd@69b42160_ARCHIVE_LOCATION">c:/Users/Samuele/Desktop/prototipo_3encoder/ip_repo/myip_1.0</xilinx:tag>
        <xilinx:tag xilinx:name="ui.data.coregen.dd@7e152db3_ARCHIVE_LOCATION">c:/Users/Samuele/Desktop/prototipo_3encoder/ip_repo/myip_1.0</xilinx:tag>
        <xilinx:tag xilinx:name="ui.data.coregen.dd@dadefbb_ARCHIVE_LOCATION">c:/Users/Samuele/Desktop/prototipo_3encoder/ip_repo/myip_1.0</xilinx:tag>
        <xilinx:tag xilinx:name="ui.data.coregen.dd@6a472d52_ARCHIVE_LOCATION">c:/Users/Samuele/Desktop/prototipo_3encoder/ip_repo/myip_1.0</xilinx:tag>
        <xilinx:tag xilinx:name="ui.data.coregen.dd@3e431310_ARCHIVE_LOCATION">c:/Users/Samuele/Desktop/prototipo_3encoder/ip_repo/myip_1.0</xilinx:tag>
        <xilinx:tag xilinx:name="ui.data.coregen.dd@5d5d08ac_ARCHIVE_LOCATION">c:/Users/Samuele/Desktop/prototipo_3encoder/ip_repo/myip_1.0</xilinx:tag>
        <xilinx:tag xilinx:name="ui.data.coregen.dd@20c8d6e1_ARCHIVE_LOCATION">c:/Users/Samuele/Desktop/prototipo_3encoder/ip_repo/myip_1.0</xilinx:tag>
        <xilinx:tag xilinx:name="ui.data.coregen.dd@62a48a26_ARCHIVE_LOCATION">c:/Users/Samuele/Desktop/prototipo_3encoder/ip_repo/myip_1.0</xilinx:tag>
        <xilinx:tag xilinx:name="ui.data.coregen.dd@4df4bc2e_ARCHIVE_LOCATION">c:/Users/Samuele/Desktop/prototipo_3encoder/ip_repo/myip_1.0</xilinx:tag>
        <xilinx:tag xilinx:name="ui.data.coregen.dd@1caae8ae_ARCHIVE_LOCATION">c:/Users/Samuele/Desktop/prototipo_3encoder/ip_repo/myip_1.0</xilinx:tag>
        <xilinx:tag xilinx:name="ui.data.coregen.dd@4a85c327_ARCHIVE_LOCATION">c:/Users/Samuele/Desktop/prototipo_3encoder/ip_repo/myip_1.0</xilinx:tag>
        <xilinx:tag xilinx:name="ui.data.coregen.dd@684b85c2_ARCHIVE_LOCATION">c:/Users/Samuele/Desktop/prototipo_3encoder/ip_repo/myip_1.0</xilinx:tag>
        <xilinx:tag xilinx:name="ui.data.coregen.dd@390b3139_ARCHIVE_LOCATION">c:/Users/Samuele/Desktop/prototipo_3encoder/ip_repo/myip_1.0</xilinx:tag>
        <xilinx:tag xilinx:name="ui.data.coregen.dd@6424b162_ARCHIVE_LOCATION">c:/Users/Samuele/Desktop/prototipo_3encoder/ip_repo/myip_1.0</xilinx:tag>
        <xilinx:tag xilinx:name="ui.data.coregen.dd@6b816d4c_ARCHIVE_LOCATION">c:/Users/Samuele/Desktop/prototipo_3encoder/ip_repo/myip_1.0</xilinx:tag>
        <xilinx:tag xilinx:name="ui.data.coregen.dd@1c7fe3ea_ARCHIVE_LOCATION">c:/Users/Samuele/Desktop/prototipo_3encoder/ip_repo/myip_1.0</xilinx:tag>
        <xilinx:tag xilinx:name="ui.data.coregen.dd@6ab0f5f_ARCHIVE_LOCATION">c:/Users/Samuele/Desktop/prototipo_3encoder/ip_repo/myip_1.0</xilinx:tag>
        <xilinx:tag xilinx:name="ui.data.coregen.dd@2cdb2104_ARCHIVE_LOCATION">c:/Users/Samuele/Desktop/prototipo_3encoder/ip_repo/myip_1.0</xilinx:tag>
        <xilinx:tag xilinx:name="ui.data.coregen.dd@548a5ab8_ARCHIVE_LOCATION">c:/Users/Samuele/Desktop/prototipo_3encoder/ip_repo/myip_1.0</xilinx:tag>
        <xilinx:tag xilinx:name="ui.data.coregen.dd@15435f04_ARCHIVE_LOCATION">c:/Users/Samuele/Desktop/prototipo_3encoder/ip_repo/myip_1.0</xilinx:tag>
        <xilinx:tag xilinx:name="ui.data.coregen.dd@2567ef90_ARCHIVE_LOCATION">c:/Users/Samuele/Desktop/prototipo_3encoder/ip_repo/myip_1.0</xilinx:tag>
        <xilinx:tag xilinx:name="ui.data.coregen.dd@247d455_ARCHIVE_LOCATION">c:/Users/Samuele/Desktop/prototipo_3encoder/ip_repo/myip_1.0</xilinx:tag>
        <xilinx:tag xilinx:name="ui.data.coregen.dd@20d89277_ARCHIVE_LOCATION">c:/Users/Samuele/Desktop/prototipo_3encoder/ip_repo/myip_1.0</xilinx:tag>
        <xilinx:tag xilinx:name="ui.data.coregen.dd@3bd15295_ARCHIVE_LOCATION">c:/Users/Samuele/Desktop/prototipo_3encoder/ip_repo/myip_1.0</xilinx:tag>
        <xilinx:tag xilinx:name="ui.data.coregen.dd@289285c1_ARCHIVE_LOCATION">c:/Users/Samuele/Desktop/prototipo_3encoder/ip_repo/myip_1.0</xilinx:tag>
        <xilinx:tag xilinx:name="ui.data.coregen.dd@1bb454c5_ARCHIVE_LOCATION">c:/Users/Samuele/Desktop/prototipo_3encoder/ip_repo/myip_1.0</xilinx:tag>
        <xilinx:tag xilinx:name="ui.data.coregen.dd@12f5fa5_ARCHIVE_LOCATION">c:/Users/Samuele/Desktop/prototipo_3encoder/ip_repo/myip_1.0</xilinx:tag>
        <xilinx:tag xilinx:name="ui.data.coregen.dd@62d62d14_ARCHIVE_LOCATION">c:/Users/Samuele/Desktop/prototipo_3encoder/ip_repo/myip_1.0</xilinx:tag>
        <xilinx:tag xilinx:name="ui.data.coregen.dd@6b2817c0_ARCHIVE_LOCATION">c:/Users/Samuele/Desktop/prototipo_3encoder/ip_repo/myip_1.0</xilinx:tag>
        <xilinx:tag xilinx:name="ui.data.coregen.dd@75f26fe4_ARCHIVE_LOCATION">c:/Users/Samuele/Desktop/prototipo_3encoder/ip_repo/myip_1.0</xilinx:tag>
      </xilinx:tags>
    </xilinx:coreExtensions>
    <xilinx:packagingInfo>
      <xilinx:xilinxVersion>2018.3</xilinx:xilinxVersion>
      <xilinx:checksum xilinx:scope="busInterfaces" xilinx:value="547596fe"/>
      <xilinx:checksum xilinx:scope="memoryMaps" xilinx:value="ed1368d5"/>
      <xilinx:checksum xilinx:scope="fileGroups" xilinx:value="568f9ce4"/>
      <xilinx:checksum xilinx:scope="ports" xilinx:value="6840d80c"/>
      <xilinx:checksum xilinx:scope="hdlParameters" xilinx:value="a0a6f17f"/>
      <xilinx:checksum xilinx:scope="parameters" xilinx:value="07da88f9"/>
    </xilinx:packagingInfo>
  </spirit:vendorExtensions>
</spirit:component>
