<?xml version="1.0" encoding="UTF-8"?>
<GenRun Id="impl_1" LaunchPart="xc7z007sclg400-1" LaunchTime="1762440755">
  <File Type="ROUTE-PWR" Name="design_1_wrapper_power_routed.rpt"/>
  <File Type="PA-TCL" Name="design_1_wrapper.tcl"/>
  <File Type="BITSTR-BMM" Name="design_1_wrapper_bd.bmm"/>
  <File Type="ROUTE-PWR-SUM" Name="design_1_wrapper_power_summary_routed.pb"/>
  <File Type="REPORTS-TCL" Name="design_1_wrapper_reports.tcl"/>
  <File Type="OPT-DCP" Name="design_1_wrapper_opt.dcp"/>
  <File Type="OPT-DRC" Name="design_1_wrapper_drc_opted.rpt"/>
  <File Type="OPT-HWDEF" Name="design_1_wrapper.hwdef"/>
  <File Type="PWROPT-DCP" Name="design_1_wrapper_pwropt.dcp"/>
  <File Type="PLACE-DCP" Name="design_1_wrapper_placed.dcp"/>
  <File Type="PLACE-IO" Name="design_1_wrapper_io_placed.rpt"/>
  <File Type="PLACE-UTIL" Name="design_1_wrapper_utilization_placed.rpt"/>
  <File Type="PLACE-UTIL-PB" Name="design_1_wrapper_utilization_placed.pb"/>
  <File Type="PLACE-CTRL" Name="design_1_wrapper_control_sets_placed.rpt"/>
  <File Type="PLACE-PRE-SIMILARITY" Name="design_1_wrapper_incremental_reuse_pre_placed.rpt"/>
  <File Type="BG-BGN" Name="design_1_wrapper.bgn"/>
  <File Type="POSTPLACE-PWROPT-DCP" Name="design_1_wrapper_postplace_pwropt.dcp"/>
  <File Type="BG-BIN" Name="design_1_wrapper.bin"/>
  <File Type="PHYSOPT-DCP" Name="design_1_wrapper_physopt.dcp"/>
  <File Type="BITSTR-MSK" Name="design_1_wrapper.msk"/>
  <File Type="ROUTE-ERROR-DCP" Name="design_1_wrapper_routed_error.dcp"/>
  <File Type="ROUTE-DCP" Name="design_1_wrapper_routed.dcp"/>
  <File Type="ROUTE-BLACKBOX-DCP" Name="design_1_wrapper_routed_bb.dcp"/>
  <File Type="ROUTE-DRC" Name="design_1_wrapper_drc_routed.rpt"/>
  <File Type="ROUTE-DRC-PB" Name="design_1_wrapper_drc_routed.pb"/>
  <File Type="ROUTE-DRC-RPX" Name="design_1_wrapper_drc_routed.rpx"/>
  <File Type="BITSTR-LTX" Name="design_1_wrapper.ltx"/>
  <File Type="ROUTE-METHODOLOGY-DRC" Name="design_1_wrapper_methodology_drc_routed.rpt"/>
  <File Type="BITSTR-MMI" Name="design_1_wrapper.mmi"/>
  <File Type="ROUTE-METHODOLOGY-DRC-RPX" Name="design_1_wrapper_methodology_drc_routed.rpx"/>
  <File Type="ROUTE-METHODOLOGY-DRC-PB" Name="design_1_wrapper_methodology_drc_routed.pb"/>
  <File Type="BITSTR-SYSDEF" Name="design_1_wrapper.sysdef"/>
  <File Type="ROUTE-PWR-RPX" Name="design_1_wrapper_power_routed.rpx"/>
  <File Type="ROUTE-STATUS" Name="design_1_wrapper_route_status.rpt"/>
  <File Type="ROUTE-STATUS-PB" Name="design_1_wrapper_route_status.pb"/>
  <File Type="ROUTE-TIMINGSUMMARY" Name="design_1_wrapper_timing_summary_routed.rpt"/>
  <File Type="ROUTE-TIMING-PB" Name="design_1_wrapper_timing_summary_routed.pb"/>
  <File Type="ROUTE-TIMING-RPX" Name="design_1_wrapper_timing_summary_routed.rpx"/>
  <File Type="ROUTE-CLK" Name="design_1_wrapper_clock_utilization_routed.rpt"/>
  <File Type="ROUTE-BUS-SKEW" Name="design_1_wrapper_bus_skew_routed.rpt"/>
  <File Type="ROUTE-BUS-SKEW-PB" Name="design_1_wrapper_bus_skew_routed.pb"/>
  <File Type="ROUTE-BUS-SKEW-RPX" Name="design_1_wrapper_bus_skew_routed.rpx"/>
  <File Type="POSTROUTE-PHYSOPT-DCP" Name="design_1_wrapper_postroute_physopt.dcp"/>
  <File Type="POSTROUTE-PHYSOPT-BLACKBOX-DCP" Name="design_1_wrapper_postroute_physopt_bb.dcp"/>
  <File Type="BG-BIT" Name="design_1_wrapper.bit"/>
  <File Type="BITSTR-RBT" Name="design_1_wrapper.rbt"/>
  <File Type="BITSTR-NKY" Name="design_1_wrapper.nky"/>
  <File Type="BG-DRC" Name="design_1_wrapper.drc"/>
  <File Type="RDI-RDI" Name="design_1_wrapper.vdi"/>
  <File Type="WBT-USG" Name="usage_statistics_webtalk.html"/>
  <FileSet Name="sources" Type="DesignSrcs" RelSrcDir="$PSRCDIR/sources_1">
    <Filter Type="Srcs"/>
    <File Path="$PPRDIR/../../prototipo/project_1/project_1.srcs/sources_1/new/comparator.vhd">
      <FileInfo>
        <Attr Name="UsedIn" Val="synthesis"/>
        <Attr Name="UsedIn" Val="simulation"/>
      </FileInfo>
    </File>
    <File Path="$PSRCDIR/sources_1/new/xor12.vhd">
      <FileInfo>
        <Attr Name="UsedIn" Val="synthesis"/>
        <Attr Name="UsedIn" Val="simulation"/>
      </FileInfo>
    </File>
    <File Path="$PPRDIR/../../prototipo/project_1/project_1.srcs/sources_1/new/front_rocgnizer.vhd">
      <FileInfo>
        <Attr Name="UsedIn" Val="synthesis"/>
        <Attr Name="UsedIn" Val="simulation"/>
      </FileInfo>
    </File>
    <File Path="$PPRDIR/../../prototipo/project_1/project_1.srcs/sources_1/new/and12.vhd">
      <FileInfo>
        <Attr Name="UsedIn" Val="synthesis"/>
        <Attr Name="UsedIn" Val="simulation"/>
      </FileInfo>
    </File>
    <File Path="$PPRDIR/../../prototipo/project_1/project_1.srcs/sources_1/new/register_e1.vhd">
      <FileInfo>
        <Attr Name="UsedIn" Val="synthesis"/>
        <Attr Name="UsedIn" Val="simulation"/>
      </FileInfo>
    </File>
    <File Path="$PSRCDIR/sources_1/new/or3130.vhd">
      <FileInfo>
        <Attr Name="UsedIn" Val="synthesis"/>
        <Attr Name="UsedIn" Val="simulation"/>
      </FileInfo>
    </File>
    <File Path="$PSRCDIR/sources_1/new/counter_e.vhd">
      <FileInfo>
        <Attr Name="UsedIn" Val="synthesis"/>
        <Attr Name="UsedIn" Val="simulation"/>
      </FileInfo>
    </File>
    <File Path="$PSRCDIR/sources_1/new/changer.vhd">
      <FileInfo>
        <Attr Name="UsedIn" Val="synthesis"/>
        <Attr Name="UsedIn" Val="simulation"/>
      </FileInfo>
    </File>
    <File Path="$PSRCDIR/sources_1/new/counter_new.vhd">
      <FileInfo>
        <Attr Name="UsedIn" Val="synthesis"/>
        <Attr Name="UsedIn" Val="simulation"/>
      </FileInfo>
    </File>
    <File Path="$PSRCDIR/sources_1/new/mux_vel.vhd">
      <FileInfo>
        <Attr Name="UsedIn" Val="synthesis"/>
        <Attr Name="UsedIn" Val="simulation"/>
      </FileInfo>
    </File>
    <File Path="$PSRCDIR/sources_1/new/mux_acc.vhd">
      <FileInfo>
        <Attr Name="UsedIn" Val="synthesis"/>
        <Attr Name="UsedIn" Val="simulation"/>
      </FileInfo>
    </File>
    <File Path="$PSRCDIR/sources_1/new/f72to32bit.vhd">
      <FileInfo>
        <Attr Name="UsedIn" Val="synthesis"/>
        <Attr Name="UsedIn" Val="simulation"/>
      </FileInfo>
    </File>
    <File Path="$PSRCDIR/sources_1/new/mux_72bit.vhd">
      <FileInfo>
        <Attr Name="UsedIn" Val="synthesis"/>
        <Attr Name="UsedIn" Val="simulation"/>
      </FileInfo>
    </File>
    <File Path="$PSRCDIR/sources_1/new/register_72bit.vhd">
      <FileInfo>
        <Attr Name="UsedIn" Val="synthesis"/>
        <Attr Name="UsedIn" Val="simulation"/>
      </FileInfo>
    </File>
    <File Path="$PSRCDIR/sources_1/new/f72to64vel.vhd">
      <FileInfo>
        <Attr Name="UsedIn" Val="synthesis"/>
        <Attr Name="UsedIn" Val="simulation"/>
      </FileInfo>
    </File>
    <File Path="$PSRCDIR/sources_1/new/adder_72bit.vhd">
      <FileInfo>
        <Attr Name="UsedIn" Val="synthesis"/>
        <Attr Name="UsedIn" Val="simulation"/>
      </FileInfo>
    </File>
    <File Path="$PSRCDIR/sources_1/bd/design_1/design_1.bd">
      <FileInfo>
        <Attr Name="UsedIn" Val="synthesis"/>
        <Attr Name="UsedIn" Val="implementation"/>
        <Attr Name="UsedIn" Val="simulation"/>
      </FileInfo>
    </File>
    <File Path="$PSRCDIR/sources_1/bd/design_1/hdl/design_1_wrapper.vhd">
      <FileInfo>
        <Attr Name="UsedIn" Val="synthesis"/>
        <Attr Name="UsedIn" Val="simulation"/>
      </FileInfo>
    </File>
    <File Path="$PSRCDIR/sources_1/new/adder64bit.vhd">
      <FileInfo>
        <Attr Name="AutoDisabled" Val="1"/>
        <Attr Name="UsedIn" Val="synthesis"/>
        <Attr Name="UsedIn" Val="simulation"/>
      </FileInfo>
    </File>
    <File Path="$PSRCDIR/sources_1/new/mux64bit.vhd">
      <FileInfo>
        <Attr Name="AutoDisabled" Val="1"/>
        <Attr Name="UsedIn" Val="synthesis"/>
        <Attr Name="UsedIn" Val="simulation"/>
      </FileInfo>
    </File>
    <File Path="$PSRCDIR/sources_1/new/register_64b.vhd">
      <FileInfo>
        <Attr Name="AutoDisabled" Val="1"/>
        <Attr Name="UsedIn" Val="synthesis"/>
        <Attr Name="UsedIn" Val="simulation"/>
      </FileInfo>
    </File>
    <File Path="$PSRCDIR/sources_1/new/f64to32.vhd">
      <FileInfo>
        <Attr Name="AutoDisabled" Val="1"/>
        <Attr Name="UsedIn" Val="synthesis"/>
        <Attr Name="UsedIn" Val="simulation"/>
      </FileInfo>
    </File>
    <File Path="$PSRCDIR/sources_1/new/register_i64o32.vhd">
      <FileInfo>
        <Attr Name="AutoDisabled" Val="1"/>
        <Attr Name="UsedIn" Val="synthesis"/>
        <Attr Name="UsedIn" Val="simulation"/>
      </FileInfo>
    </File>
    <File Path="$PSRCDIR/sources_1/new/comparator2.vhd">
      <FileInfo>
        <Attr Name="AutoDisabled" Val="1"/>
        <Attr Name="UsedIn" Val="synthesis"/>
        <Attr Name="UsedIn" Val="simulation"/>
      </FileInfo>
    </File>
    <File Path="$PPRDIR/../../prototipo/project_1/project_1.srcs/sources_1/new/counter.vhd">
      <FileInfo>
        <Attr Name="AutoDisabled" Val="1"/>
        <Attr Name="UsedIn" Val="synthesis"/>
        <Attr Name="UsedIn" Val="simulation"/>
      </FileInfo>
    </File>
    <File Path="$PSRCDIR/sources_1/new/counter_e_rst.vhd">
      <FileInfo>
        <Attr Name="AutoDisabled" Val="1"/>
        <Attr Name="UsedIn" Val="synthesis"/>
        <Attr Name="UsedIn" Val="simulation"/>
      </FileInfo>
    </File>
    <Config>
      <Option Name="DesignMode" Val="RTL"/>
      <Option Name="TopModule" Val="design_1_wrapper"/>
      <Option Name="TopAutoSet" Val="TRUE"/>
    </Config>
  </FileSet>
  <FileSet Name="constrs_in" Type="Constrs" RelSrcDir="$PSRCDIR/constrs_1">
    <Filter Type="Constrs"/>
    <File Path="$PSRCDIR/constrs_1/new/constr.xdc">
      <FileInfo>
        <Attr Name="UsedIn" Val="synthesis"/>
        <Attr Name="UsedIn" Val="implementation"/>
      </FileInfo>
    </File>
    <Config>
      <Option Name="TargetConstrsFile" Val="$PSRCDIR/constrs_1/new/constr.xdc"/>
      <Option Name="ConstrsType" Val="XDC"/>
    </Config>
  </FileSet>
  <FileSet Name="utils" Type="Utils" RelSrcDir="$PSRCDIR/utils_1">
    <Filter Type="Utils"/>
    <Config>
      <Option Name="TopAutoSet" Val="TRUE"/>
    </Config>
  </FileSet>
  <Strategy Version="1" Minor="2">
    <StratHandle Name="Vivado Implementation Defaults" Flow="Vivado Implementation 2018"/>
    <Step Id="init_design"/>
    <Step Id="opt_design"/>
    <Step Id="power_opt_design"/>
    <Step Id="place_design"/>
    <Step Id="post_place_power_opt_design"/>
    <Step Id="phys_opt_design"/>
    <Step Id="route_design"/>
    <Step Id="post_route_phys_opt_design"/>
    <Step Id="write_bitstream"/>
  </Strategy>
  <BlockFileSet Type="BlockSrcs" Name="design_1_axi_gpio_1_0"/>
  <BlockFileSet Type="BlockSrcs" Name="design_1_rst_ps7_0_50M_0"/>
  <BlockFileSet Type="BlockSrcs" Name="design_1_xbar_0"/>
  <BlockFileSet Type="BlockSrcs" Name="design_1_comparator_0_4"/>
  <BlockFileSet Type="BlockSrcs" Name="design_1_comparator_1_3"/>
  <BlockFileSet Type="BlockSrcs" Name="design_1_front_rocgnizer_0_3"/>
  <BlockFileSet Type="BlockSrcs" Name="design_1_and12_0_0"/>
  <BlockFileSet Type="BlockSrcs" Name="design_1_register_e1_0_0"/>
  <BlockFileSet Type="BlockSrcs" Name="design_1_changer_0_0"/>
  <BlockFileSet Type="BlockSrcs" Name="design_1_axi_gpio_0_0"/>
  <BlockFileSet Type="BlockSrcs" Name="design_1_processing_system7_0_0"/>
  <BlockFileSet Type="BlockSrcs" Name="design_1_front_rocgnizer_1_4"/>
  <BlockFileSet Type="BlockSrcs" Name="design_1_register_e1_1_0"/>
  <BlockFileSet Type="BlockSrcs" Name="design_1_xor12_0_0"/>
  <BlockFileSet Type="BlockSrcs" Name="design_1_front_rocgnizer_0_0"/>
  <BlockFileSet Type="BlockSrcs" Name="design_1_front_rocgnizer_1_0"/>
  <BlockFileSet Type="BlockSrcs" Name="design_1_or3130_0_0"/>
  <BlockFileSet Type="BlockSrcs" Name="design_1_and12_0_4"/>
  <BlockFileSet Type="BlockSrcs" Name="design_1_counter_new_0_0"/>
  <BlockFileSet Type="BlockSrcs" Name="design_1_adder_72bit_0_2"/>
  <BlockFileSet Type="BlockSrcs" Name="design_1_counter_e_1_0"/>
  <BlockFileSet Type="BlockSrcs" Name="design_1_mux_72bit_0_0"/>
  <BlockFileSet Type="BlockSrcs" Name="design_1_adder_72bit_1_1"/>
  <BlockFileSet Type="BlockSrcs" Name="design_1_f72to64vel_0_2"/>
  <BlockFileSet Type="BlockSrcs" Name="design_1_adder_72bit_0_1"/>
  <BlockFileSet Type="BlockSrcs" Name="design_1_f72to64vel_0_1"/>
  <BlockFileSet Type="BlockSrcs" Name="design_1_counter_e_0_0"/>
  <BlockFileSet Type="BlockSrcs" Name="design_1_adder_72bit_1_0"/>
  <BlockFileSet Type="BlockSrcs" Name="design_1_rl_io_0_0"/>
  <BlockFileSet Type="BlockSrcs" Name="design_1_register_e1_0_3"/>
  <BlockFileSet Type="BlockSrcs" Name="design_1_comparator_0_3"/>
  <BlockFileSet Type="BlockSrcs" Name="design_1_f72to64vel_0_0"/>
  <BlockFileSet Type="BlockSrcs" Name="design_1_adder_72bit_0_0"/>
  <BlockFileSet Type="BlockSrcs" Name="design_1_register_72bit_0_1"/>
  <BlockFileSet Type="BlockSrcs" Name="design_1_register_72bit_1_0"/>
  <BlockFileSet Type="BlockSrcs" Name="design_1_register_72bit_0_0"/>
  <BlockFileSet Type="BlockSrcs" Name="design_1_register_72bit_0_2"/>
  <BlockFileSet Type="BlockSrcs" Name="design_1_register_72bit_2_0"/>
  <BlockFileSet Type="BlockSrcs" Name="design_1_register_72bit_1_1"/>
  <BlockFileSet Type="BlockSrcs" Name="design_1_xor12_0_3"/>
  <BlockFileSet Type="BlockSrcs" Name="design_1_front_rocgnizer_1_3"/>
  <BlockFileSet Type="BlockSrcs" Name="design_1_front_rocgnizer_0_4"/>
  <BlockFileSet Type="BlockSrcs" Name="design_1_comparator_1_4"/>
  <BlockFileSet Type="BlockSrcs" Name="design_1_counter_e_0_3"/>
  <BlockFileSet Type="BlockSrcs" Name="design_1_mux_72bit_0_2"/>
  <BlockFileSet Type="BlockSrcs" Name="design_1_f72to32bit_0_1"/>
  <BlockFileSet Type="BlockSrcs" Name="design_1_register_e1_1_3"/>
  <BlockFileSet Type="BlockSrcs" Name="design_1_register_e1_0_4"/>
  <BlockFileSet Type="BlockSrcs" Name="design_1_and12_0_3"/>
  <BlockFileSet Type="BlockSrcs" Name="design_1_mux_72bit_0_1"/>
  <BlockFileSet Type="BlockSrcs" Name="design_1_adder_72bit_0_3"/>
  <BlockFileSet Type="BlockSrcs" Name="design_1_or3130_0_3"/>
  <BlockFileSet Type="BlockSrcs" Name="design_1_register_72bit_0_4"/>
  <BlockFileSet Type="BlockSrcs" Name="design_1_f72to32bit_0_0"/>
  <BlockFileSet Type="BlockSrcs" Name="design_1_register_72bit_2_1"/>
  <BlockFileSet Type="BlockSrcs" Name="design_1_counter_e_1_4"/>
  <BlockFileSet Type="BlockSrcs" Name="design_1_xor12_0_4"/>
  <BlockFileSet Type="BlockSrcs" Name="design_1_counter_e_1_3"/>
  <BlockFileSet Type="BlockSrcs" Name="design_1_counter_e_0_4"/>
  <BlockFileSet Type="BlockSrcs" Name="design_1_f72to32bit_0_2"/>
  <BlockFileSet Type="BlockSrcs" Name="design_1_register_e1_1_4"/>
  <BlockFileSet Type="BlockSrcs" Name="design_1_register_72bit_0_5"/>
  <BlockFileSet Type="BlockSrcs" Name="design_1_or3130_0_4"/>
  <BlockFileSet Type="BlockSrcs" Name="design_1_mux_acc_0_1"/>
  <BlockFileSet Type="BlockSrcs" Name="design_1_mux_vel_0_2"/>
  <BlockFileSet Type="BlockSrcs" Name="design_1_mux_vel_0_0"/>
  <BlockFileSet Type="BlockSrcs" Name="design_1_mux_acc_0_0"/>
  <BlockFileSet Type="BlockSrcs" Name="design_1_mux_acc_0_2"/>
  <BlockFileSet Type="BlockSrcs" Name="design_1_mux_vel_0_3"/>
</GenRun>
