<?xml version="1.0" encoding="UTF-8"?>
<GenRun Id="synth_1" LaunchPart="xc7z007sclg400-1" LaunchTime="1762440721">
  <File Type="PA-TCL" Name="design_1_wrapper.tcl"/>
  <File Type="REPORTS-TCL" Name="design_1_wrapper_reports.tcl"/>
  <File Type="RDS-RDS" Name="design_1_wrapper.vds"/>
  <File Type="RDS-UTIL" Name="design_1_wrapper_utilization_synth.rpt"/>
  <File Type="RDS-UTIL-PB" Name="design_1_wrapper_utilization_synth.pb"/>
  <File Type="RDS-DCP" Name="design_1_wrapper.dcp"/>
  <FileSet Name="sources" Type="DesignSrcs" RelSrcDir="$PSRCDIR/sources_1">
    <Filter Type="Srcs"/>
    <File Path="$PPRDIR/../../prototipo/project_1/project_1.srcs/sources_1/new/comparator.vhd">
      <FileInfo>
        <Attr Name="UsedIn" Val="synthesis"/>
        <Attr Name="UsedIn" Val="simulation"/>
      </FileInfo>
    </File>
    <File Path="$PSRCDIR/sources_1/new/xor12.vhd">
      <FileInfo>
        <Attr Name="UsedIn" Val="synthesis"/>
        <Attr Name="UsedIn" Val="simulation"/>
      </FileInfo>
    </File>
    <File Path="$PPRDIR/../../prototipo/project_1/project_1.srcs/sources_1/new/front_rocgnizer.vhd">
      <FileInfo>
        <Attr Name="UsedIn" Val="synthesis"/>
        <Attr Name="UsedIn" Val="simulation"/>
      </FileInfo>
    </File>
    <File Path="$PPRDIR/../../prototipo/project_1/project_1.srcs/sources_1/new/and12.vhd">
      <FileInfo>
        <Attr Name="UsedIn" Val="synthesis"/>
        <Attr Name="UsedIn" Val="simulation"/>
      </FileInfo>
    </File>
    <File Path="$PPRDIR/../../prototipo/project_1/project_1.srcs/sources_1/new/register_e1.vhd">
      <FileInfo>
        <Attr Name="UsedIn" Val="synthesis"/>
        <Attr Name="UsedIn" Val="simulation"/>
      </FileInfo>
    </File>
    <File Path="$PSRCDIR/sources_1/new/or3130.vhd">
      <FileInfo>
        <Attr Name="UsedIn" Val="synthesis"/>
        <Attr Name="UsedIn" Val="simulation"/>
      </FileInfo>
    </File>
    <File Path="$PSRCDIR/sources_1/new/counter_e.vhd">
      <FileInfo>
        <Attr Name="UsedIn" Val="synthesis"/>
        <Attr Name="UsedIn" Val="simulation"/>
      </FileInfo>
    </File>
    <File Path="$PSRCDIR/sources_1/new/changer.vhd">
      <FileInfo>
        <Attr Name="UsedIn" Val="synthesis"/>
        <Attr Name="UsedIn" Val="simulation"/>
      </FileInfo>
    </File>
    <File Path="$PSRCDIR/sources_1/new/counter_new.vhd">
      <FileInfo>
        <Attr Name="UsedIn" Val="synthesis"/>
        <Attr Name="UsedIn" Val="simulation"/>
      </FileInfo>
    </File>
    <File Path="$PSRCDIR/sources_1/new/mux_vel.vhd">
      <FileInfo>
        <Attr Name="UsedIn" Val="synthesis"/>
        <Attr Name="UsedIn" Val="simulation"/>
      </FileInfo>
    </File>
    <File Path="$PSRCDIR/sources_1/new/mux_acc.vhd">
      <FileInfo>
        <Attr Name="UsedIn" Val="synthesis"/>
        <Attr Name="UsedIn" Val="simulation"/>
      </FileInfo>
    </File>
    <File Path="$PSRCDIR/sources_1/new/f72to32bit.vhd">
      <FileInfo>
        <Attr Name="UsedIn" Val="synthesis"/>
        <Attr Name="UsedIn" Val="simulation"/>
      </FileInfo>
    </File>
    <File Path="$PSRCDIR/sources_1/new/mux_72bit.vhd">
      <FileInfo>
        <Attr Name="UsedIn" Val="synthesis"/>
        <Attr Name="UsedIn" Val="simulation"/>
      </FileInfo>
    </File>
    <File Path="$PSRCDIR/sources_1/new/register_72bit.vhd">
      <FileInfo>
        <Attr Name="UsedIn" Val="synthesis"/>
        <Attr Name="UsedIn" Val="simulation"/>
      </FileInfo>
    </File>
    <File Path="$PSRCDIR/sources_1/new/f72to64vel.vhd">
      <FileInfo>
        <Attr Name="UsedIn" Val="synthesis"/>
        <Attr Name="UsedIn" Val="simulation"/>
      </FileInfo>
    </File>
    <File Path="$PSRCDIR/sources_1/new/adder_72bit.vhd">
      <FileInfo>
        <Attr Name="UsedIn" Val="synthesis"/>
        <Attr Name="UsedIn" Val="simulation"/>
      </FileInfo>
    </File>
    <File Path="$PSRCDIR/sources_1/bd/design_1/design_1.bd">
      <FileInfo>
        <Attr Name="UsedIn" Val="synthesis"/>
        <Attr Name="UsedIn" Val="implementation"/>
        <Attr Name="UsedIn" Val="simulation"/>
      </FileInfo>
    </File>
    <File Path="$PSRCDIR/sources_1/bd/design_1/hdl/design_1_wrapper.vhd">
      <FileInfo>
        <Attr Name="UsedIn" Val="synthesis"/>
        <Attr Name="UsedIn" Val="simulation"/>
      </FileInfo>
    </File>
    <File Path="$PSRCDIR/sources_1/new/adder64bit.vhd">
      <FileInfo>
        <Attr Name="AutoDisabled" Val="1"/>
        <Attr Name="UsedIn" Val="synthesis"/>
        <Attr Name="UsedIn" Val="simulation"/>
      </FileInfo>
    </File>
    <File Path="$PSRCDIR/sources_1/new/mux64bit.vhd">
      <FileInfo>
        <Attr Name="AutoDisabled" Val="1"/>
        <Attr Name="UsedIn" Val="synthesis"/>
        <Attr Name="UsedIn" Val="simulation"/>
      </FileInfo>
    </File>
    <File Path="$PSRCDIR/sources_1/new/register_64b.vhd">
      <FileInfo>
        <Attr Name="AutoDisabled" Val="1"/>
        <Attr Name="UsedIn" Val="synthesis"/>
        <Attr Name="UsedIn" Val="simulation"/>
      </FileInfo>
    </File>
    <File Path="$PSRCDIR/sources_1/new/f64to32.vhd">
      <FileInfo>
        <Attr Name="AutoDisabled" Val="1"/>
        <Attr Name="UsedIn" Val="synthesis"/>
        <Attr Name="UsedIn" Val="simulation"/>
      </FileInfo>
    </File>
    <File Path="$PSRCDIR/sources_1/new/register_i64o32.vhd">
      <FileInfo>
        <Attr Name="AutoDisabled" Val="1"/>
        <Attr Name="UsedIn" Val="synthesis"/>
        <Attr Name="UsedIn" Val="simulation"/>
      </FileInfo>
    </File>
    <File Path="$PSRCDIR/sources_1/new/comparator2.vhd">
      <FileInfo>
        <Attr Name="AutoDisabled" Val="1"/>
        <Attr Name="UsedIn" Val="synthesis"/>
        <Attr Name="UsedIn" Val="simulation"/>
      </FileInfo>
    </File>
    <File Path="$PPRDIR/../../prototipo/project_1/project_1.srcs/sources_1/new/counter.vhd">
      <FileInfo>
        <Attr Name="AutoDisabled" Val="1"/>
        <Attr Name="UsedIn" Val="synthesis"/>
        <Attr Name="UsedIn" Val="simulation"/>
      </FileInfo>
    </File>
    <File Path="$PSRCDIR/sources_1/new/counter_e_rst.vhd">
      <FileInfo>
        <Attr Name="AutoDisabled" Val="1"/>
        <Attr Name="UsedIn" Val="synthesis"/>
        <Attr Name="UsedIn" Val="simulation"/>
      </FileInfo>
    </File>
    <Config>
      <Option Name="DesignMode" Val="RTL"/>
      <Option Name="TopModule" Val="design_1_wrapper"/>
      <Option Name="TopAutoSet" Val="TRUE"/>
    </Config>
  </FileSet>
  <FileSet Name="constrs_in" Type="Constrs" RelSrcDir="$PSRCDIR/constrs_1">
    <Filter Type="Constrs"/>
    <File Path="$PSRCDIR/constrs_1/new/constr.xdc">
      <FileInfo>
        <Attr Name="UsedIn" Val="synthesis"/>
        <Attr Name="UsedIn" Val="implementation"/>
      </FileInfo>
    </File>
    <Config>
      <Option Name="TargetConstrsFile" Val="$PSRCDIR/constrs_1/new/constr.xdc"/>
      <Option Name="ConstrsType" Val="XDC"/>
    </Config>
  </FileSet>
  <FileSet Name="utils" Type="Utils" RelSrcDir="$PSRCDIR/utils_1">
    <Filter Type="Utils"/>
    <Config>
      <Option Name="TopAutoSet" Val="TRUE"/>
    </Config>
  </FileSet>
  <Strategy Version="1" Minor="2">
    <StratHandle Name="Vivado Synthesis Defaults" Flow="Vivado Synthesis 2018"/>
    <Step Id="synth_design"/>
  </Strategy>
  <BlockFileSet Type="BlockSrcs" Name="design_1_axi_gpio_1_0"/>
  <BlockFileSet Type="BlockSrcs" Name="design_1_rst_ps7_0_50M_0"/>
  <BlockFileSet Type="BlockSrcs" Name="design_1_xbar_0"/>
  <BlockFileSet Type="BlockSrcs" Name="design_1_comparator_0_4"/>
  <BlockFileSet Type="BlockSrcs" Name="design_1_comparator_1_3"/>
  <BlockFileSet Type="BlockSrcs" Name="design_1_front_rocgnizer_0_3"/>
  <BlockFileSet Type="BlockSrcs" Name="design_1_and12_0_0"/>
  <BlockFileSet Type="BlockSrcs" Name="design_1_register_e1_0_0"/>
  <BlockFileSet Type="BlockSrcs" Name="design_1_changer_0_0"/>
  <BlockFileSet Type="BlockSrcs" Name="design_1_axi_gpio_0_0"/>
  <BlockFileSet Type="BlockSrcs" Name="design_1_processing_system7_0_0"/>
  <BlockFileSet Type="BlockSrcs" Name="design_1_front_rocgnizer_1_4"/>
  <BlockFileSet Type="BlockSrcs" Name="design_1_register_e1_1_0"/>
  <BlockFileSet Type="BlockSrcs" Name="design_1_xor12_0_0"/>
  <BlockFileSet Type="BlockSrcs" Name="design_1_front_rocgnizer_0_0"/>
  <BlockFileSet Type="BlockSrcs" Name="design_1_front_rocgnizer_1_0"/>
  <BlockFileSet Type="BlockSrcs" Name="design_1_or3130_0_0"/>
  <BlockFileSet Type="BlockSrcs" Name="design_1_and12_0_4"/>
  <BlockFileSet Type="BlockSrcs" Name="design_1_counter_new_0_0"/>
  <BlockFileSet Type="BlockSrcs" Name="design_1_adder_72bit_0_2"/>
  <BlockFileSet Type="BlockSrcs" Name="design_1_counter_e_1_0"/>
  <BlockFileSet Type="BlockSrcs" Name="design_1_mux_72bit_0_0"/>
  <BlockFileSet Type="BlockSrcs" Name="design_1_adder_72bit_1_1"/>
  <BlockFileSet Type="BlockSrcs" Name="design_1_f72to64vel_0_2"/>
  <BlockFileSet Type="BlockSrcs" Name="design_1_adder_72bit_0_1"/>
  <BlockFileSet Type="BlockSrcs" Name="design_1_f72to64vel_0_1"/>
  <BlockFileSet Type="BlockSrcs" Name="design_1_counter_e_0_0"/>
  <BlockFileSet Type="BlockSrcs" Name="design_1_adder_72bit_1_0"/>
  <BlockFileSet Type="BlockSrcs" Name="design_1_rl_io_0_0"/>
  <BlockFileSet Type="BlockSrcs" Name="design_1_register_e1_0_3"/>
  <BlockFileSet Type="BlockSrcs" Name="design_1_comparator_0_3"/>
  <BlockFileSet Type="BlockSrcs" Name="design_1_f72to64vel_0_0"/>
  <BlockFileSet Type="BlockSrcs" Name="design_1_adder_72bit_0_0"/>
  <BlockFileSet Type="BlockSrcs" Name="design_1_register_72bit_0_1"/>
  <BlockFileSet Type="BlockSrcs" Name="design_1_register_72bit_1_0"/>
  <BlockFileSet Type="BlockSrcs" Name="design_1_register_72bit_0_0"/>
  <BlockFileSet Type="BlockSrcs" Name="design_1_register_72bit_0_2"/>
  <BlockFileSet Type="BlockSrcs" Name="design_1_register_72bit_2_0"/>
  <BlockFileSet Type="BlockSrcs" Name="design_1_register_72bit_1_1"/>
  <BlockFileSet Type="BlockSrcs" Name="design_1_xor12_0_3"/>
  <BlockFileSet Type="BlockSrcs" Name="design_1_front_rocgnizer_1_3"/>
  <BlockFileSet Type="BlockSrcs" Name="design_1_front_rocgnizer_0_4"/>
  <BlockFileSet Type="BlockSrcs" Name="design_1_comparator_1_4"/>
  <BlockFileSet Type="BlockSrcs" Name="design_1_counter_e_0_3"/>
  <BlockFileSet Type="BlockSrcs" Name="design_1_mux_72bit_0_2"/>
  <BlockFileSet Type="BlockSrcs" Name="design_1_f72to32bit_0_1"/>
  <BlockFileSet Type="BlockSrcs" Name="design_1_register_e1_1_3"/>
  <BlockFileSet Type="BlockSrcs" Name="design_1_register_e1_0_4"/>
  <BlockFileSet Type="BlockSrcs" Name="design_1_and12_0_3"/>
  <BlockFileSet Type="BlockSrcs" Name="design_1_mux_72bit_0_1"/>
  <BlockFileSet Type="BlockSrcs" Name="design_1_adder_72bit_0_3"/>
  <BlockFileSet Type="BlockSrcs" Name="design_1_or3130_0_3"/>
  <BlockFileSet Type="BlockSrcs" Name="design_1_register_72bit_0_4"/>
  <BlockFileSet Type="BlockSrcs" Name="design_1_f72to32bit_0_0"/>
  <BlockFileSet Type="BlockSrcs" Name="design_1_register_72bit_2_1"/>
  <BlockFileSet Type="BlockSrcs" Name="design_1_counter_e_1_4"/>
  <BlockFileSet Type="BlockSrcs" Name="design_1_xor12_0_4"/>
  <BlockFileSet Type="BlockSrcs" Name="design_1_counter_e_1_3"/>
  <BlockFileSet Type="BlockSrcs" Name="design_1_counter_e_0_4"/>
  <BlockFileSet Type="BlockSrcs" Name="design_1_f72to32bit_0_2"/>
  <BlockFileSet Type="BlockSrcs" Name="design_1_register_e1_1_4"/>
  <BlockFileSet Type="BlockSrcs" Name="design_1_register_72bit_0_5"/>
  <BlockFileSet Type="BlockSrcs" Name="design_1_or3130_0_4"/>
  <BlockFileSet Type="BlockSrcs" Name="design_1_mux_acc_0_1"/>
  <BlockFileSet Type="BlockSrcs" Name="design_1_mux_vel_0_2"/>
  <BlockFileSet Type="BlockSrcs" Name="design_1_mux_vel_0_0"/>
  <BlockFileSet Type="BlockSrcs" Name="design_1_mux_acc_0_0"/>
  <BlockFileSet Type="BlockSrcs" Name="design_1_mux_acc_0_2"/>
  <BlockFileSet Type="BlockSrcs" Name="design_1_mux_vel_0_3"/>
</GenRun>
