<?xml version="1.0"?>
<Runs Version="1" Minor="0">
	<Run Id="design_1_register_64b_0_0_synth_1" LaunchDir="C:/Users/Samuele/Desktop/prototipo_3encoder3/prot_1encoder/prot_1encoder.runs/design_1_register_64b_0_0_synth_1" FlowId="Vivado_Synthesis" FromStepId="vivado" ToStepId="vivado"/>
	<Run Id="design_1_register_e1_1_0_synth_1" LaunchDir="C:/Users/Samuele/Desktop/prototipo_3encoder3/prot_1encoder/prot_1encoder.runs/design_1_register_e1_1_0_synth_1" FlowId="Vivado_Synthesis" FromStepId="vivado" ToStepId="vivado"/>
	<Run Id="design_1_register_e1_0_0_synth_1" LaunchDir="C:/Users/Samuele/Desktop/prototipo_3encoder3/prot_1encoder/prot_1encoder.runs/design_1_register_e1_0_0_synth_1" FlowId="Vivado_Synthesis" FromStepId="vivado" ToStepId="vivado"/>
	<Run Id="design_1_mux64bit_1_0_synth_1" LaunchDir="C:/Users/Samuele/Desktop/prototipo_3encoder3/prot_1encoder/prot_1encoder.runs/design_1_mux64bit_1_0_synth_1" FlowId="Vivado_Synthesis" FromStepId="vivado" ToStepId="vivado"/>
	<Run Id="design_1_xor12_0_0_synth_1" LaunchDir="C:/Users/Samuele/Desktop/prototipo_3encoder3/prot_1encoder/prot_1encoder.runs/design_1_xor12_0_0_synth_1" FlowId="Vivado_Synthesis" FromStepId="vivado" ToStepId="vivado"/>
	<Run Id="design_1_front_rocgnizer_0_0_synth_1" LaunchDir="C:/Users/Samuele/Desktop/prototipo_3encoder3/prot_1encoder/prot_1encoder.runs/design_1_front_rocgnizer_0_0_synth_1" FlowId="Vivado_Synthesis" FromStepId="vivado" ToStepId="vivado"/>
	<Run Id="design_1_front_rocgnizer_1_0_synth_1" LaunchDir="C:/Users/Samuele/Desktop/prototipo_3encoder3/prot_1encoder/prot_1encoder.runs/design_1_front_rocgnizer_1_0_synth_1" FlowId="Vivado_Synthesis" FromStepId="vivado" ToStepId="vivado"/>
	<Run Id="design_1_register_64b_3_0_synth_1" LaunchDir="C:/Users/Samuele/Desktop/prototipo_3encoder3/prot_1encoder/prot_1encoder.runs/design_1_register_64b_3_0_synth_1" FlowId="Vivado_Synthesis" FromStepId="vivado" ToStepId="vivado"/>
	<Run Id="design_1_mux64bit_0_0_synth_1" LaunchDir="C:/Users/Samuele/Desktop/prototipo_3encoder3/prot_1encoder/prot_1encoder.runs/design_1_mux64bit_0_0_synth_1" FlowId="Vivado_Synthesis" FromStepId="vivado" ToStepId="vivado"/>
	<Run Id="design_1_register_64b_1_1_synth_1" LaunchDir="C:/Users/Samuele/Desktop/prototipo_3encoder3/prot_1encoder/prot_1encoder.runs/design_1_register_64b_1_1_synth_1" FlowId="Vivado_Synthesis" FromStepId="vivado" ToStepId="vivado"/>
	<Run Id="design_1_f64to32_0_1_synth_1" LaunchDir="C:/Users/Samuele/Desktop/prototipo_3encoder3/prot_1encoder/prot_1encoder.runs/design_1_f64to32_0_1_synth_1" FlowId="Vivado_Synthesis" FromStepId="vivado" ToStepId="vivado"/>
	<Run Id="design_1_or3130_0_0_synth_1" LaunchDir="C:/Users/Samuele/Desktop/prototipo_3encoder3/prot_1encoder/prot_1encoder.runs/design_1_or3130_0_0_synth_1" FlowId="Vivado_Synthesis" FromStepId="vivado" ToStepId="vivado"/>
	<Run Id="design_1_counter_new_0_0_synth_1" LaunchDir="C:/Users/Samuele/Desktop/prototipo_3encoder3/prot_1encoder/prot_1encoder.runs/design_1_counter_new_0_0_synth_1" FlowId="Vivado_Synthesis" FromStepId="vivado" ToStepId="vivado"/>
	<Run Id="synth_1" LaunchDir="C:/Users/Samuele/Desktop/prototipo_3encoder3/prot_1encoder/prot_1encoder.runs/synth_1" FlowId="Vivado_Synthesis" FromStepId="vivado" ToStepId="vivado">
		<Parent Id="design_1_register_64b_0_0_synth_1"/>
		<Parent Id="design_1_register_e1_1_0_synth_1"/>
		<Parent Id="design_1_register_e1_0_0_synth_1"/>
		<Parent Id="design_1_mux64bit_1_0_synth_1"/>
		<Parent Id="design_1_xor12_0_0_synth_1"/>
		<Parent Id="design_1_front_rocgnizer_0_0_synth_1"/>
		<Parent Id="design_1_front_rocgnizer_1_0_synth_1"/>
		<Parent Id="design_1_register_64b_3_0_synth_1"/>
		<Parent Id="design_1_mux64bit_0_0_synth_1"/>
		<Parent Id="design_1_register_64b_1_1_synth_1"/>
		<Parent Id="design_1_f64to32_0_1_synth_1"/>
		<Parent Id="design_1_or3130_0_0_synth_1"/>
		<Parent Id="design_1_counter_new_0_0_synth_1"/>
	</Run>
	<Run Id="impl_1" LaunchDir="C:/Users/Samuele/Desktop/prototipo_3encoder3/prot_1encoder/prot_1encoder.runs/impl_1" FlowId="Vivado_Implementation" FromStepId="init_design" ToStepId="write_bitstream">
		<Parent Id="synth_1"/>
		<Parent Id="design_1_register_64b_0_0_synth_1"/>
		<Parent Id="design_1_register_e1_1_0_synth_1"/>
		<Parent Id="design_1_register_e1_0_0_synth_1"/>
		<Parent Id="design_1_mux64bit_1_0_synth_1"/>
		<Parent Id="design_1_xor12_0_0_synth_1"/>
		<Parent Id="design_1_front_rocgnizer_0_0_synth_1"/>
		<Parent Id="design_1_front_rocgnizer_1_0_synth_1"/>
		<Parent Id="design_1_register_64b_3_0_synth_1"/>
		<Parent Id="design_1_mux64bit_0_0_synth_1"/>
		<Parent Id="design_1_register_64b_1_1_synth_1"/>
		<Parent Id="design_1_f64to32_0_1_synth_1"/>
		<Parent Id="design_1_or3130_0_0_synth_1"/>
		<Parent Id="design_1_counter_new_0_0_synth_1"/>
	</Run>
	<Parameters>
		<Parameter Name="runs.monitorLSFJobs" Val="true" Type="bool"/>
	</Parameters>
</Runs>

