<?xml version="1.0"?>
<Runs Version="1" Minor="0">
	<Run Id="design_1_rst_ps7_0_50M_0_synth_1" LaunchDir="C:/Users/Samuele/Desktop/prototipo_singolo_encoder/prot_1encoder/prot_1encoder.runs/design_1_rst_ps7_0_50M_0_synth_1" FlowId="Vivado_Synthesis" FromStepId="vivado" ToStepId="vivado"/>
	<Run Id="design_1_xbar_0_synth_1" LaunchDir="C:/Users/Samuele/Desktop/prototipo_singolo_encoder/prot_1encoder/prot_1encoder.runs/design_1_xbar_0_synth_1" FlowId="Vivado_Synthesis" FromStepId="vivado" ToStepId="vivado"/>
	<Run Id="design_1_mux64bit_0_0_synth_1" LaunchDir="C:/Users/Samuele/Desktop/prototipo_singolo_encoder/prot_1encoder/prot_1encoder.runs/design_1_mux64bit_0_0_synth_1" FlowId="Vivado_Synthesis" FromStepId="vivado" ToStepId="vivado"/>
	<Run Id="design_1_counter_1_0_synth_1" LaunchDir="C:/Users/Samuele/Desktop/prototipo_singolo_encoder/prot_1encoder/prot_1encoder.runs/design_1_counter_1_0_synth_1" FlowId="Vivado_Synthesis" FromStepId="vivado" ToStepId="vivado"/>
	<Run Id="design_1_counter_2_0_synth_1" LaunchDir="C:/Users/Samuele/Desktop/prototipo_singolo_encoder/prot_1encoder/prot_1encoder.runs/design_1_counter_2_0_synth_1" FlowId="Vivado_Synthesis" FromStepId="vivado" ToStepId="vivado"/>
	<Run Id="design_1_and12_0_0_synth_1" LaunchDir="C:/Users/Samuele/Desktop/prototipo_singolo_encoder/prot_1encoder/prot_1encoder.runs/design_1_and12_0_0_synth_1" FlowId="Vivado_Synthesis" FromStepId="vivado" ToStepId="vivado"/>
	<Run Id="design_1_and12_1_0_synth_1" LaunchDir="C:/Users/Samuele/Desktop/prototipo_singolo_encoder/prot_1encoder/prot_1encoder.runs/design_1_and12_1_0_synth_1" FlowId="Vivado_Synthesis" FromStepId="vivado" ToStepId="vivado"/>
	<Run Id="design_1_processing_system7_0_0_synth_1" LaunchDir="C:/Users/Samuele/Desktop/prototipo_singolo_encoder/prot_1encoder/prot_1encoder.runs/design_1_processing_system7_0_0_synth_1" FlowId="Vivado_Synthesis" FromStepId="vivado" ToStepId="vivado"/>
	<Run Id="design_1_axi_gpio_0_0_synth_1" LaunchDir="C:/Users/Samuele/Desktop/prototipo_singolo_encoder/prot_1encoder/prot_1encoder.runs/design_1_axi_gpio_0_0_synth_1" FlowId="Vivado_Synthesis" FromStepId="vivado" ToStepId="vivado"/>
	<Run Id="design_1_register_64b_0_0_synth_1" LaunchDir="C:/Users/Samuele/Desktop/prototipo_singolo_encoder/prot_1encoder/prot_1encoder.runs/design_1_register_64b_0_0_synth_1" FlowId="Vivado_Synthesis" FromStepId="vivado" ToStepId="vivado"/>
	<Run Id="design_1_f64to32_0_1_synth_1" LaunchDir="C:/Users/Samuele/Desktop/prototipo_singolo_encoder/prot_1encoder/prot_1encoder.runs/design_1_f64to32_0_1_synth_1" FlowId="Vivado_Synthesis" FromStepId="vivado" ToStepId="vivado"/>
	<Run Id="design_1_front_rocgnizer_0_0_synth_1" LaunchDir="C:/Users/Samuele/Desktop/prototipo_singolo_encoder/prot_1encoder/prot_1encoder.runs/design_1_front_rocgnizer_0_0_synth_1" FlowId="Vivado_Synthesis" FromStepId="vivado" ToStepId="vivado"/>
	<Run Id="design_1_adder64bit_1_0_synth_1" LaunchDir="C:/Users/Samuele/Desktop/prototipo_singolo_encoder/prot_1encoder/prot_1encoder.runs/design_1_adder64bit_1_0_synth_1" FlowId="Vivado_Synthesis" FromStepId="vivado" ToStepId="vivado"/>
	<Run Id="design_1_myip_0_0_synth_1" LaunchDir="C:/Users/Samuele/Desktop/prototipo_singolo_encoder/prot_1encoder/prot_1encoder.runs/design_1_myip_0_0_synth_1" FlowId="Vivado_Synthesis" FromStepId="vivado" ToStepId="vivado"/>
	<Run Id="design_1_register_64b_1_1_synth_1" LaunchDir="C:/Users/Samuele/Desktop/prototipo_singolo_encoder/prot_1encoder/prot_1encoder.runs/design_1_register_64b_1_1_synth_1" FlowId="Vivado_Synthesis" FromStepId="vivado" ToStepId="vivado"/>
	<Run Id="design_1_f64to32_0_0_synth_1" LaunchDir="C:/Users/Samuele/Desktop/prototipo_singolo_encoder/prot_1encoder/prot_1encoder.runs/design_1_f64to32_0_0_synth_1" FlowId="Vivado_Synthesis" FromStepId="vivado" ToStepId="vivado"/>
	<Run Id="design_1_counter_0_0_synth_1" LaunchDir="C:/Users/Samuele/Desktop/prototipo_singolo_encoder/prot_1encoder/prot_1encoder.runs/design_1_counter_0_0_synth_1" FlowId="Vivado_Synthesis" FromStepId="vivado" ToStepId="vivado"/>
	<Run Id="design_1_register_e1_1_0_synth_1" LaunchDir="C:/Users/Samuele/Desktop/prototipo_singolo_encoder/prot_1encoder/prot_1encoder.runs/design_1_register_e1_1_0_synth_1" FlowId="Vivado_Synthesis" FromStepId="vivado" ToStepId="vivado"/>
	<Run Id="design_1_register_e1_0_0_synth_1" LaunchDir="C:/Users/Samuele/Desktop/prototipo_singolo_encoder/prot_1encoder/prot_1encoder.runs/design_1_register_e1_0_0_synth_1" FlowId="Vivado_Synthesis" FromStepId="vivado" ToStepId="vivado"/>
	<Run Id="design_1_front_rocgnizer_1_0_synth_1" LaunchDir="C:/Users/Samuele/Desktop/prototipo_singolo_encoder/prot_1encoder/prot_1encoder.runs/design_1_front_rocgnizer_1_0_synth_1" FlowId="Vivado_Synthesis" FromStepId="vivado" ToStepId="vivado"/>
	<Run Id="design_1_auto_pc_0_synth_1" LaunchDir="C:/Users/Samuele/Desktop/prototipo_singolo_encoder/prot_1encoder/prot_1encoder.runs/design_1_auto_pc_0_synth_1" FlowId="Vivado_Synthesis" FromStepId="vivado" ToStepId="vivado"/>
	<Run Id="design_1_adder64bit_0_0_synth_1" LaunchDir="C:/Users/Samuele/Desktop/prototipo_singolo_encoder/prot_1encoder/prot_1encoder.runs/design_1_adder64bit_0_0_synth_1" FlowId="Vivado_Synthesis" FromStepId="vivado" ToStepId="vivado"/>
	<Run Id="design_1_register_64b_3_0_synth_1" LaunchDir="C:/Users/Samuele/Desktop/prototipo_singolo_encoder/prot_1encoder/prot_1encoder.runs/design_1_register_64b_3_0_synth_1" FlowId="Vivado_Synthesis" FromStepId="vivado" ToStepId="vivado"/>
	<Run Id="design_1_comparator_0_0_synth_1" LaunchDir="C:/Users/Samuele/Desktop/prototipo_singolo_encoder/prot_1encoder/prot_1encoder.runs/design_1_comparator_0_0_synth_1" FlowId="Vivado_Synthesis" FromStepId="vivado" ToStepId="vivado"/>
	<Run Id="design_1_comparator_1_0_synth_1" LaunchDir="C:/Users/Samuele/Desktop/prototipo_singolo_encoder/prot_1encoder/prot_1encoder.runs/design_1_comparator_1_0_synth_1" FlowId="Vivado_Synthesis" FromStepId="vivado" ToStepId="vivado"/>
	<Run Id="design_1_xor12_0_0_synth_1" LaunchDir="C:/Users/Samuele/Desktop/prototipo_singolo_encoder/prot_1encoder/prot_1encoder.runs/design_1_xor12_0_0_synth_1" FlowId="Vivado_Synthesis" FromStepId="vivado" ToStepId="vivado"/>
	<Run Id="design_1_comparator_2_0_synth_1" LaunchDir="C:/Users/Samuele/Desktop/prototipo_singolo_encoder/prot_1encoder/prot_1encoder.runs/design_1_comparator_2_0_synth_1" FlowId="Vivado_Synthesis" FromStepId="vivado" ToStepId="vivado"/>
	<Run Id="design_1_mux64bit_1_0_synth_1" LaunchDir="C:/Users/Samuele/Desktop/prototipo_singolo_encoder/prot_1encoder/prot_1encoder.runs/design_1_mux64bit_1_0_synth_1" FlowId="Vivado_Synthesis" FromStepId="vivado" ToStepId="vivado"/>
	<Run Id="synth_1" LaunchDir="C:/Users/Samuele/Desktop/prototipo_singolo_encoder/prot_1encoder/prot_1encoder.runs/synth_1" FlowId="Vivado_Synthesis" FromStepId="vivado" ToStepId="vivado">
		<Parent Id="design_1_rst_ps7_0_50M_0_synth_1"/>
		<Parent Id="design_1_xbar_0_synth_1"/>
		<Parent Id="design_1_mux64bit_0_0_synth_1"/>
		<Parent Id="design_1_counter_1_0_synth_1"/>
		<Parent Id="design_1_counter_2_0_synth_1"/>
		<Parent Id="design_1_and12_0_0_synth_1"/>
		<Parent Id="design_1_and12_1_0_synth_1"/>
		<Parent Id="design_1_processing_system7_0_0_synth_1"/>
		<Parent Id="design_1_axi_gpio_0_0_synth_1"/>
		<Parent Id="design_1_register_64b_0_0_synth_1"/>
		<Parent Id="design_1_f64to32_0_1_synth_1"/>
		<Parent Id="design_1_front_rocgnizer_0_0_synth_1"/>
		<Parent Id="design_1_adder64bit_1_0_synth_1"/>
		<Parent Id="design_1_myip_0_0_synth_1"/>
		<Parent Id="design_1_register_64b_1_1_synth_1"/>
		<Parent Id="design_1_f64to32_0_0_synth_1"/>
		<Parent Id="design_1_counter_0_0_synth_1"/>
		<Parent Id="design_1_register_e1_1_0_synth_1"/>
		<Parent Id="design_1_register_e1_0_0_synth_1"/>
		<Parent Id="design_1_front_rocgnizer_1_0_synth_1"/>
		<Parent Id="design_1_auto_pc_0_synth_1"/>
		<Parent Id="design_1_adder64bit_0_0_synth_1"/>
		<Parent Id="design_1_register_64b_3_0_synth_1"/>
		<Parent Id="design_1_comparator_0_0_synth_1"/>
		<Parent Id="design_1_comparator_1_0_synth_1"/>
		<Parent Id="design_1_xor12_0_0_synth_1"/>
		<Parent Id="design_1_comparator_2_0_synth_1"/>
		<Parent Id="design_1_mux64bit_1_0_synth_1"/>
	</Run>
	<Parameters>
		<Parameter Name="runs.monitorLSFJobs" Val="true" Type="bool"/>
	</Parameters>
</Runs>

