<?xml version="1.0"?>
<Runs Version="1" Minor="0">
	<Run Id="design_1_mux_acc_0_1_synth_1" LaunchDir="C:/Users/Samuele/Desktop/prototipo_3encoder72bit/prot_1encoder/prot_1encoder.runs/design_1_mux_acc_0_1_synth_1" FlowId="Vivado_Synthesis" FromStepId="vivado" ToStepId="vivado"/>
	<Run Id="design_1_comparator_0_3_synth_1" LaunchDir="C:/Users/Samuele/Desktop/prototipo_3encoder72bit/prot_1encoder/prot_1encoder.runs/design_1_comparator_0_3_synth_1" FlowId="Vivado_Synthesis" FromStepId="vivado" ToStepId="vivado"/>
	<Run Id="design_1_f72to64vel_0_0_synth_1" LaunchDir="C:/Users/Samuele/Desktop/prototipo_3encoder72bit/prot_1encoder/prot_1encoder.runs/design_1_f72to64vel_0_0_synth_1" FlowId="Vivado_Synthesis" FromStepId="vivado" ToStepId="vivado"/>
	<Run Id="design_1_register_72bit_0_1_synth_1" LaunchDir="C:/Users/Samuele/Desktop/prototipo_3encoder72bit/prot_1encoder/prot_1encoder.runs/design_1_register_72bit_0_1_synth_1" FlowId="Vivado_Synthesis" FromStepId="vivado" ToStepId="vivado"/>
	<Run Id="design_1_adder_72bit_0_0_synth_1" LaunchDir="C:/Users/Samuele/Desktop/prototipo_3encoder72bit/prot_1encoder/prot_1encoder.runs/design_1_adder_72bit_0_0_synth_1" FlowId="Vivado_Synthesis" FromStepId="vivado" ToStepId="vivado"/>
	<Run Id="design_1_register_72bit_0_0_synth_1" LaunchDir="C:/Users/Samuele/Desktop/prototipo_3encoder72bit/prot_1encoder/prot_1encoder.runs/design_1_register_72bit_0_0_synth_1" FlowId="Vivado_Synthesis" FromStepId="vivado" ToStepId="vivado"/>
	<Run Id="design_1_register_72bit_0_2_synth_1" LaunchDir="C:/Users/Samuele/Desktop/prototipo_3encoder72bit/prot_1encoder/prot_1encoder.runs/design_1_register_72bit_0_2_synth_1" FlowId="Vivado_Synthesis" FromStepId="vivado" ToStepId="vivado"/>
	<Run Id="design_1_adder_72bit_0_1_synth_1" LaunchDir="C:/Users/Samuele/Desktop/prototipo_3encoder72bit/prot_1encoder/prot_1encoder.runs/design_1_adder_72bit_0_1_synth_1" FlowId="Vivado_Synthesis" FromStepId="vivado" ToStepId="vivado"/>
	<Run Id="design_1_xor12_0_3_synth_1" LaunchDir="C:/Users/Samuele/Desktop/prototipo_3encoder72bit/prot_1encoder/prot_1encoder.runs/design_1_xor12_0_3_synth_1" FlowId="Vivado_Synthesis" FromStepId="vivado" ToStepId="vivado"/>
	<Run Id="design_1_front_rocgnizer_0_3_synth_1" LaunchDir="C:/Users/Samuele/Desktop/prototipo_3encoder72bit/prot_1encoder/prot_1encoder.runs/design_1_front_rocgnizer_0_3_synth_1" FlowId="Vivado_Synthesis" FromStepId="vivado" ToStepId="vivado"/>
	<Run Id="design_1_mux_vel_0_2_synth_1" LaunchDir="C:/Users/Samuele/Desktop/prototipo_3encoder72bit/prot_1encoder/prot_1encoder.runs/design_1_mux_vel_0_2_synth_1" FlowId="Vivado_Synthesis" FromStepId="vivado" ToStepId="vivado"/>
	<Run Id="design_1_front_rocgnizer_1_3_synth_1" LaunchDir="C:/Users/Samuele/Desktop/prototipo_3encoder72bit/prot_1encoder/prot_1encoder.runs/design_1_front_rocgnizer_1_3_synth_1" FlowId="Vivado_Synthesis" FromStepId="vivado" ToStepId="vivado"/>
	<Run Id="design_1_counter_e_0_3_synth_1" LaunchDir="C:/Users/Samuele/Desktop/prototipo_3encoder72bit/prot_1encoder/prot_1encoder.runs/design_1_counter_e_0_3_synth_1" FlowId="Vivado_Synthesis" FromStepId="vivado" ToStepId="vivado"/>
	<Run Id="design_1_f72to32bit_0_1_synth_1" LaunchDir="C:/Users/Samuele/Desktop/prototipo_3encoder72bit/prot_1encoder/prot_1encoder.runs/design_1_f72to32bit_0_1_synth_1" FlowId="Vivado_Synthesis" FromStepId="vivado" ToStepId="vivado"/>
	<Run Id="design_1_register_e1_0_3_synth_1" LaunchDir="C:/Users/Samuele/Desktop/prototipo_3encoder72bit/prot_1encoder/prot_1encoder.runs/design_1_register_e1_0_3_synth_1" FlowId="Vivado_Synthesis" FromStepId="vivado" ToStepId="vivado"/>
	<Run Id="design_1_register_e1_1_3_synth_1" LaunchDir="C:/Users/Samuele/Desktop/prototipo_3encoder72bit/prot_1encoder/prot_1encoder.runs/design_1_register_e1_1_3_synth_1" FlowId="Vivado_Synthesis" FromStepId="vivado" ToStepId="vivado"/>
	<Run Id="design_1_comparator_1_3_synth_1" LaunchDir="C:/Users/Samuele/Desktop/prototipo_3encoder72bit/prot_1encoder/prot_1encoder.runs/design_1_comparator_1_3_synth_1" FlowId="Vivado_Synthesis" FromStepId="vivado" ToStepId="vivado"/>
	<Run Id="design_1_and12_0_3_synth_1" LaunchDir="C:/Users/Samuele/Desktop/prototipo_3encoder72bit/prot_1encoder/prot_1encoder.runs/design_1_and12_0_3_synth_1" FlowId="Vivado_Synthesis" FromStepId="vivado" ToStepId="vivado"/>
	<Run Id="design_1_mux_72bit_0_1_synth_1" LaunchDir="C:/Users/Samuele/Desktop/prototipo_3encoder72bit/prot_1encoder/prot_1encoder.runs/design_1_mux_72bit_0_1_synth_1" FlowId="Vivado_Synthesis" FromStepId="vivado" ToStepId="vivado"/>
	<Run Id="design_1_or3130_0_3_synth_1" LaunchDir="C:/Users/Samuele/Desktop/prototipo_3encoder72bit/prot_1encoder/prot_1encoder.runs/design_1_or3130_0_3_synth_1" FlowId="Vivado_Synthesis" FromStepId="vivado" ToStepId="vivado"/>
	<Run Id="design_1_register_72bit_0_4_synth_1" LaunchDir="C:/Users/Samuele/Desktop/prototipo_3encoder72bit/prot_1encoder/prot_1encoder.runs/design_1_register_72bit_0_4_synth_1" FlowId="Vivado_Synthesis" FromStepId="vivado" ToStepId="vivado"/>
	<Run Id="design_1_adder_72bit_0_2_synth_1" LaunchDir="C:/Users/Samuele/Desktop/prototipo_3encoder72bit/prot_1encoder/prot_1encoder.runs/design_1_adder_72bit_0_2_synth_1" FlowId="Vivado_Synthesis" FromStepId="vivado" ToStepId="vivado"/>
	<Run Id="design_1_f72to64vel_0_1_synth_1" LaunchDir="C:/Users/Samuele/Desktop/prototipo_3encoder72bit/prot_1encoder/prot_1encoder.runs/design_1_f72to64vel_0_1_synth_1" FlowId="Vivado_Synthesis" FromStepId="vivado" ToStepId="vivado"/>
	<Run Id="design_1_mux_72bit_0_0_synth_1" LaunchDir="C:/Users/Samuele/Desktop/prototipo_3encoder72bit/prot_1encoder/prot_1encoder.runs/design_1_mux_72bit_0_0_synth_1" FlowId="Vivado_Synthesis" FromStepId="vivado" ToStepId="vivado"/>
	<Run Id="design_1_mux_vel_0_0_synth_1" LaunchDir="C:/Users/Samuele/Desktop/prototipo_3encoder72bit/prot_1encoder/prot_1encoder.runs/design_1_mux_vel_0_0_synth_1" FlowId="Vivado_Synthesis" FromStepId="vivado" ToStepId="vivado"/>
	<Run Id="design_1_mux_acc_0_0_synth_1" LaunchDir="C:/Users/Samuele/Desktop/prototipo_3encoder72bit/prot_1encoder/prot_1encoder.runs/design_1_mux_acc_0_0_synth_1" FlowId="Vivado_Synthesis" FromStepId="vivado" ToStepId="vivado"/>
	<Run Id="design_1_comparator_0_4_synth_1" LaunchDir="C:/Users/Samuele/Desktop/prototipo_3encoder72bit/prot_1encoder/prot_1encoder.runs/design_1_comparator_0_4_synth_1" FlowId="Vivado_Synthesis" FromStepId="vivado" ToStepId="vivado"/>
	<Run Id="design_1_register_72bit_2_0_synth_1" LaunchDir="C:/Users/Samuele/Desktop/prototipo_3encoder72bit/prot_1encoder/prot_1encoder.runs/design_1_register_72bit_2_0_synth_1" FlowId="Vivado_Synthesis" FromStepId="vivado" ToStepId="vivado"/>
	<Run Id="design_1_register_72bit_1_0_synth_1" LaunchDir="C:/Users/Samuele/Desktop/prototipo_3encoder72bit/prot_1encoder/prot_1encoder.runs/design_1_register_72bit_1_0_synth_1" FlowId="Vivado_Synthesis" FromStepId="vivado" ToStepId="vivado"/>
	<Run Id="design_1_f72to32bit_0_0_synth_1" LaunchDir="C:/Users/Samuele/Desktop/prototipo_3encoder72bit/prot_1encoder/prot_1encoder.runs/design_1_f72to32bit_0_0_synth_1" FlowId="Vivado_Synthesis" FromStepId="vivado" ToStepId="vivado"/>
	<Run Id="design_1_adder_72bit_1_1_synth_1" LaunchDir="C:/Users/Samuele/Desktop/prototipo_3encoder72bit/prot_1encoder/prot_1encoder.runs/design_1_adder_72bit_1_1_synth_1" FlowId="Vivado_Synthesis" FromStepId="vivado" ToStepId="vivado"/>
	<Run Id="design_1_register_72bit_1_1_synth_1" LaunchDir="C:/Users/Samuele/Desktop/prototipo_3encoder72bit/prot_1encoder/prot_1encoder.runs/design_1_register_72bit_1_1_synth_1" FlowId="Vivado_Synthesis" FromStepId="vivado" ToStepId="vivado"/>
	<Run Id="design_1_adder_72bit_0_3_synth_1" LaunchDir="C:/Users/Samuele/Desktop/prototipo_3encoder72bit/prot_1encoder/prot_1encoder.runs/design_1_adder_72bit_0_3_synth_1" FlowId="Vivado_Synthesis" FromStepId="vivado" ToStepId="vivado"/>
	<Run Id="design_1_f72to64vel_0_2_synth_1" LaunchDir="C:/Users/Samuele/Desktop/prototipo_3encoder72bit/prot_1encoder/prot_1encoder.runs/design_1_f72to64vel_0_2_synth_1" FlowId="Vivado_Synthesis" FromStepId="vivado" ToStepId="vivado"/>
	<Run Id="design_1_register_72bit_2_1_synth_1" LaunchDir="C:/Users/Samuele/Desktop/prototipo_3encoder72bit/prot_1encoder/prot_1encoder.runs/design_1_register_72bit_2_1_synth_1" FlowId="Vivado_Synthesis" FromStepId="vivado" ToStepId="vivado"/>
	<Run Id="design_1_front_rocgnizer_1_4_synth_1" LaunchDir="C:/Users/Samuele/Desktop/prototipo_3encoder72bit/prot_1encoder/prot_1encoder.runs/design_1_front_rocgnizer_1_4_synth_1" FlowId="Vivado_Synthesis" FromStepId="vivado" ToStepId="vivado"/>
	<Run Id="design_1_mux_acc_0_2_synth_1" LaunchDir="C:/Users/Samuele/Desktop/prototipo_3encoder72bit/prot_1encoder/prot_1encoder.runs/design_1_mux_acc_0_2_synth_1" FlowId="Vivado_Synthesis" FromStepId="vivado" ToStepId="vivado"/>
	<Run Id="design_1_counter_e_1_4_synth_1" LaunchDir="C:/Users/Samuele/Desktop/prototipo_3encoder72bit/prot_1encoder/prot_1encoder.runs/design_1_counter_e_1_4_synth_1" FlowId="Vivado_Synthesis" FromStepId="vivado" ToStepId="vivado"/>
	<Run Id="design_1_xor12_0_4_synth_1" LaunchDir="C:/Users/Samuele/Desktop/prototipo_3encoder72bit/prot_1encoder/prot_1encoder.runs/design_1_xor12_0_4_synth_1" FlowId="Vivado_Synthesis" FromStepId="vivado" ToStepId="vivado"/>
	<Run Id="design_1_mux_vel_0_3_synth_1" LaunchDir="C:/Users/Samuele/Desktop/prototipo_3encoder72bit/prot_1encoder/prot_1encoder.runs/design_1_mux_vel_0_3_synth_1" FlowId="Vivado_Synthesis" FromStepId="vivado" ToStepId="vivado"/>
	<Run Id="design_1_adder_72bit_1_0_synth_1" LaunchDir="C:/Users/Samuele/Desktop/prototipo_3encoder72bit/prot_1encoder/prot_1encoder.runs/design_1_adder_72bit_1_0_synth_1" FlowId="Vivado_Synthesis" FromStepId="vivado" ToStepId="vivado"/>
	<Run Id="design_1_counter_e_1_3_synth_1" LaunchDir="C:/Users/Samuele/Desktop/prototipo_3encoder72bit/prot_1encoder/prot_1encoder.runs/design_1_counter_e_1_3_synth_1" FlowId="Vivado_Synthesis" FromStepId="vivado" ToStepId="vivado"/>
	<Run Id="design_1_front_rocgnizer_0_4_synth_1" LaunchDir="C:/Users/Samuele/Desktop/prototipo_3encoder72bit/prot_1encoder/prot_1encoder.runs/design_1_front_rocgnizer_0_4_synth_1" FlowId="Vivado_Synthesis" FromStepId="vivado" ToStepId="vivado"/>
	<Run Id="design_1_f72to32bit_0_2_synth_1" LaunchDir="C:/Users/Samuele/Desktop/prototipo_3encoder72bit/prot_1encoder/prot_1encoder.runs/design_1_f72to32bit_0_2_synth_1" FlowId="Vivado_Synthesis" FromStepId="vivado" ToStepId="vivado"/>
	<Run Id="design_1_counter_e_0_4_synth_1" LaunchDir="C:/Users/Samuele/Desktop/prototipo_3encoder72bit/prot_1encoder/prot_1encoder.runs/design_1_counter_e_0_4_synth_1" FlowId="Vivado_Synthesis" FromStepId="vivado" ToStepId="vivado"/>
	<Run Id="design_1_register_e1_0_4_synth_1" LaunchDir="C:/Users/Samuele/Desktop/prototipo_3encoder72bit/prot_1encoder/prot_1encoder.runs/design_1_register_e1_0_4_synth_1" FlowId="Vivado_Synthesis" FromStepId="vivado" ToStepId="vivado"/>
	<Run Id="design_1_register_e1_1_4_synth_1" LaunchDir="C:/Users/Samuele/Desktop/prototipo_3encoder72bit/prot_1encoder/prot_1encoder.runs/design_1_register_e1_1_4_synth_1" FlowId="Vivado_Synthesis" FromStepId="vivado" ToStepId="vivado"/>
	<Run Id="design_1_comparator_1_4_synth_1" LaunchDir="C:/Users/Samuele/Desktop/prototipo_3encoder72bit/prot_1encoder/prot_1encoder.runs/design_1_comparator_1_4_synth_1" FlowId="Vivado_Synthesis" FromStepId="vivado" ToStepId="vivado"/>
	<Run Id="design_1_register_72bit_0_5_synth_1" LaunchDir="C:/Users/Samuele/Desktop/prototipo_3encoder72bit/prot_1encoder/prot_1encoder.runs/design_1_register_72bit_0_5_synth_1" FlowId="Vivado_Synthesis" FromStepId="vivado" ToStepId="vivado"/>
	<Run Id="design_1_mux_72bit_0_2_synth_1" LaunchDir="C:/Users/Samuele/Desktop/prototipo_3encoder72bit/prot_1encoder/prot_1encoder.runs/design_1_mux_72bit_0_2_synth_1" FlowId="Vivado_Synthesis" FromStepId="vivado" ToStepId="vivado"/>
	<Run Id="design_1_or3130_0_4_synth_1" LaunchDir="C:/Users/Samuele/Desktop/prototipo_3encoder72bit/prot_1encoder/prot_1encoder.runs/design_1_or3130_0_4_synth_1" FlowId="Vivado_Synthesis" FromStepId="vivado" ToStepId="vivado"/>
	<Run Id="design_1_and12_0_4_synth_1" LaunchDir="C:/Users/Samuele/Desktop/prototipo_3encoder72bit/prot_1encoder/prot_1encoder.runs/design_1_and12_0_4_synth_1" FlowId="Vivado_Synthesis" FromStepId="vivado" ToStepId="vivado"/>
	<Run Id="synth_1" LaunchDir="C:/Users/Samuele/Desktop/prototipo_3encoder72bit/prot_1encoder/prot_1encoder.runs/synth_1" FlowId="Vivado_Synthesis" FromStepId="vivado" ToStepId="vivado">
		<Parent Id="design_1_mux_acc_0_1_synth_1"/>
		<Parent Id="design_1_comparator_0_3_synth_1"/>
		<Parent Id="design_1_f72to64vel_0_0_synth_1"/>
		<Parent Id="design_1_register_72bit_0_1_synth_1"/>
		<Parent Id="design_1_adder_72bit_0_0_synth_1"/>
		<Parent Id="design_1_register_72bit_0_0_synth_1"/>
		<Parent Id="design_1_register_72bit_0_2_synth_1"/>
		<Parent Id="design_1_adder_72bit_0_1_synth_1"/>
		<Parent Id="design_1_xor12_0_3_synth_1"/>
		<Parent Id="design_1_front_rocgnizer_0_3_synth_1"/>
		<Parent Id="design_1_mux_vel_0_2_synth_1"/>
		<Parent Id="design_1_front_rocgnizer_1_3_synth_1"/>
		<Parent Id="design_1_counter_e_0_3_synth_1"/>
		<Parent Id="design_1_f72to32bit_0_1_synth_1"/>
		<Parent Id="design_1_register_e1_0_3_synth_1"/>
		<Parent Id="design_1_register_e1_1_3_synth_1"/>
		<Parent Id="design_1_comparator_1_3_synth_1"/>
		<Parent Id="design_1_and12_0_3_synth_1"/>
		<Parent Id="design_1_mux_72bit_0_1_synth_1"/>
		<Parent Id="design_1_or3130_0_3_synth_1"/>
		<Parent Id="design_1_register_72bit_0_4_synth_1"/>
		<Parent Id="design_1_adder_72bit_0_2_synth_1"/>
		<Parent Id="design_1_f72to64vel_0_1_synth_1"/>
		<Parent Id="design_1_mux_72bit_0_0_synth_1"/>
		<Parent Id="design_1_mux_vel_0_0_synth_1"/>
		<Parent Id="design_1_mux_acc_0_0_synth_1"/>
		<Parent Id="design_1_comparator_0_4_synth_1"/>
		<Parent Id="design_1_register_72bit_2_0_synth_1"/>
		<Parent Id="design_1_register_72bit_1_0_synth_1"/>
		<Parent Id="design_1_f72to32bit_0_0_synth_1"/>
		<Parent Id="design_1_adder_72bit_1_1_synth_1"/>
		<Parent Id="design_1_register_72bit_1_1_synth_1"/>
		<Parent Id="design_1_adder_72bit_0_3_synth_1"/>
		<Parent Id="design_1_f72to64vel_0_2_synth_1"/>
		<Parent Id="design_1_register_72bit_2_1_synth_1"/>
		<Parent Id="design_1_front_rocgnizer_1_4_synth_1"/>
		<Parent Id="design_1_mux_acc_0_2_synth_1"/>
		<Parent Id="design_1_counter_e_1_4_synth_1"/>
		<Parent Id="design_1_xor12_0_4_synth_1"/>
		<Parent Id="design_1_mux_vel_0_3_synth_1"/>
		<Parent Id="design_1_adder_72bit_1_0_synth_1"/>
		<Parent Id="design_1_counter_e_1_3_synth_1"/>
		<Parent Id="design_1_front_rocgnizer_0_4_synth_1"/>
		<Parent Id="design_1_f72to32bit_0_2_synth_1"/>
		<Parent Id="design_1_counter_e_0_4_synth_1"/>
		<Parent Id="design_1_register_e1_0_4_synth_1"/>
		<Parent Id="design_1_register_e1_1_4_synth_1"/>
		<Parent Id="design_1_comparator_1_4_synth_1"/>
		<Parent Id="design_1_register_72bit_0_5_synth_1"/>
		<Parent Id="design_1_mux_72bit_0_2_synth_1"/>
		<Parent Id="design_1_or3130_0_4_synth_1"/>
		<Parent Id="design_1_and12_0_4_synth_1"/>
	</Run>
	<Run Id="impl_1" LaunchDir="C:/Users/Samuele/Desktop/prototipo_3encoder72bit/prot_1encoder/prot_1encoder.runs/impl_1" FlowId="Vivado_Implementation" FromStepId="init_design" ToStepId="write_bitstream">
		<Parent Id="synth_1"/>
		<Parent Id="design_1_mux_acc_0_1_synth_1"/>
		<Parent Id="design_1_comparator_0_3_synth_1"/>
		<Parent Id="design_1_f72to64vel_0_0_synth_1"/>
		<Parent Id="design_1_register_72bit_0_1_synth_1"/>
		<Parent Id="design_1_adder_72bit_0_0_synth_1"/>
		<Parent Id="design_1_register_72bit_0_0_synth_1"/>
		<Parent Id="design_1_register_72bit_0_2_synth_1"/>
		<Parent Id="design_1_adder_72bit_0_1_synth_1"/>
		<Parent Id="design_1_xor12_0_3_synth_1"/>
		<Parent Id="design_1_front_rocgnizer_0_3_synth_1"/>
		<Parent Id="design_1_mux_vel_0_2_synth_1"/>
		<Parent Id="design_1_front_rocgnizer_1_3_synth_1"/>
		<Parent Id="design_1_counter_e_0_3_synth_1"/>
		<Parent Id="design_1_f72to32bit_0_1_synth_1"/>
		<Parent Id="design_1_register_e1_0_3_synth_1"/>
		<Parent Id="design_1_register_e1_1_3_synth_1"/>
		<Parent Id="design_1_comparator_1_3_synth_1"/>
		<Parent Id="design_1_and12_0_3_synth_1"/>
		<Parent Id="design_1_mux_72bit_0_1_synth_1"/>
		<Parent Id="design_1_or3130_0_3_synth_1"/>
		<Parent Id="design_1_register_72bit_0_4_synth_1"/>
		<Parent Id="design_1_adder_72bit_0_2_synth_1"/>
		<Parent Id="design_1_f72to64vel_0_1_synth_1"/>
		<Parent Id="design_1_mux_72bit_0_0_synth_1"/>
		<Parent Id="design_1_mux_vel_0_0_synth_1"/>
		<Parent Id="design_1_mux_acc_0_0_synth_1"/>
		<Parent Id="design_1_comparator_0_4_synth_1"/>
		<Parent Id="design_1_register_72bit_2_0_synth_1"/>
		<Parent Id="design_1_register_72bit_1_0_synth_1"/>
		<Parent Id="design_1_f72to32bit_0_0_synth_1"/>
		<Parent Id="design_1_adder_72bit_1_1_synth_1"/>
		<Parent Id="design_1_register_72bit_1_1_synth_1"/>
		<Parent Id="design_1_adder_72bit_0_3_synth_1"/>
		<Parent Id="design_1_f72to64vel_0_2_synth_1"/>
		<Parent Id="design_1_register_72bit_2_1_synth_1"/>
		<Parent Id="design_1_front_rocgnizer_1_4_synth_1"/>
		<Parent Id="design_1_mux_acc_0_2_synth_1"/>
		<Parent Id="design_1_counter_e_1_4_synth_1"/>
		<Parent Id="design_1_xor12_0_4_synth_1"/>
		<Parent Id="design_1_mux_vel_0_3_synth_1"/>
		<Parent Id="design_1_adder_72bit_1_0_synth_1"/>
		<Parent Id="design_1_counter_e_1_3_synth_1"/>
		<Parent Id="design_1_front_rocgnizer_0_4_synth_1"/>
		<Parent Id="design_1_f72to32bit_0_2_synth_1"/>
		<Parent Id="design_1_counter_e_0_4_synth_1"/>
		<Parent Id="design_1_register_e1_0_4_synth_1"/>
		<Parent Id="design_1_register_e1_1_4_synth_1"/>
		<Parent Id="design_1_comparator_1_4_synth_1"/>
		<Parent Id="design_1_register_72bit_0_5_synth_1"/>
		<Parent Id="design_1_mux_72bit_0_2_synth_1"/>
		<Parent Id="design_1_or3130_0_4_synth_1"/>
		<Parent Id="design_1_and12_0_4_synth_1"/>
	</Run>
	<Parameters>
		<Parameter Name="runs.monitorLSFJobs" Val="true" Type="bool"/>
	</Parameters>
</Runs>

