<?xml version="1.0"?>
<Runs Version="1" Minor="0">
	<Run Id="design_1_counter_e_1_0_synth_1" LaunchDir="C:/Users/Samuele/Desktop/prototipo_3encoder/prot_1encoder/prot_1encoder.runs/design_1_counter_e_1_0_synth_1" FlowId="Vivado_Synthesis" FromStepId="vivado" ToStepId="vivado"/>
	<Run Id="design_1_rl_io_0_0_synth_1" LaunchDir="C:/Users/Samuele/Desktop/prototipo_3encoder/prot_1encoder/prot_1encoder.runs/design_1_rl_io_0_0_synth_1" FlowId="Vivado_Synthesis" FromStepId="vivado" ToStepId="vivado"/>
	<Run Id="design_1_counter_e_0_0_synth_1" LaunchDir="C:/Users/Samuele/Desktop/prototipo_3encoder/prot_1encoder/prot_1encoder.runs/design_1_counter_e_0_0_synth_1" FlowId="Vivado_Synthesis" FromStepId="vivado" ToStepId="vivado"/>
	<Run Id="design_1_comparator_1_2_synth_1" LaunchDir="C:/Users/Samuele/Desktop/prototipo_3encoder/prot_1encoder/prot_1encoder.runs/design_1_comparator_1_2_synth_1" FlowId="Vivado_Synthesis" FromStepId="vivado" ToStepId="vivado"/>
	<Run Id="design_1_adder64bit_1_2_synth_1" LaunchDir="C:/Users/Samuele/Desktop/prototipo_3encoder/prot_1encoder/prot_1encoder.runs/design_1_adder64bit_1_2_synth_1" FlowId="Vivado_Synthesis" FromStepId="vivado" ToStepId="vivado"/>
	<Run Id="design_1_register_e1_0_2_synth_1" LaunchDir="C:/Users/Samuele/Desktop/prototipo_3encoder/prot_1encoder/prot_1encoder.runs/design_1_register_e1_0_2_synth_1" FlowId="Vivado_Synthesis" FromStepId="vivado" ToStepId="vivado"/>
	<Run Id="design_1_counter_e_0_2_synth_1" LaunchDir="C:/Users/Samuele/Desktop/prototipo_3encoder/prot_1encoder/prot_1encoder.runs/design_1_counter_e_0_2_synth_1" FlowId="Vivado_Synthesis" FromStepId="vivado" ToStepId="vivado"/>
	<Run Id="design_1_front_rocgnizer_1_2_synth_1" LaunchDir="C:/Users/Samuele/Desktop/prototipo_3encoder/prot_1encoder/prot_1encoder.runs/design_1_front_rocgnizer_1_2_synth_1" FlowId="Vivado_Synthesis" FromStepId="vivado" ToStepId="vivado"/>
	<Run Id="design_1_mux64bit_2_1_synth_1" LaunchDir="C:/Users/Samuele/Desktop/prototipo_3encoder/prot_1encoder/prot_1encoder.runs/design_1_mux64bit_2_1_synth_1" FlowId="Vivado_Synthesis" FromStepId="vivado" ToStepId="vivado"/>
	<Run Id="design_1_comparator_0_2_synth_1" LaunchDir="C:/Users/Samuele/Desktop/prototipo_3encoder/prot_1encoder/prot_1encoder.runs/design_1_comparator_0_2_synth_1" FlowId="Vivado_Synthesis" FromStepId="vivado" ToStepId="vivado"/>
	<Run Id="design_1_adder64bit_0_2_synth_1" LaunchDir="C:/Users/Samuele/Desktop/prototipo_3encoder/prot_1encoder/prot_1encoder.runs/design_1_adder64bit_0_2_synth_1" FlowId="Vivado_Synthesis" FromStepId="vivado" ToStepId="vivado"/>
	<Run Id="design_1_front_rocgnizer_0_1_synth_1" LaunchDir="C:/Users/Samuele/Desktop/prototipo_3encoder/prot_1encoder/prot_1encoder.runs/design_1_front_rocgnizer_0_1_synth_1" FlowId="Vivado_Synthesis" FromStepId="vivado" ToStepId="vivado"/>
	<Run Id="design_1_mux64bit_0_2_synth_1" LaunchDir="C:/Users/Samuele/Desktop/prototipo_3encoder/prot_1encoder/prot_1encoder.runs/design_1_mux64bit_0_2_synth_1" FlowId="Vivado_Synthesis" FromStepId="vivado" ToStepId="vivado"/>
	<Run Id="design_1_xor12_0_2_synth_1" LaunchDir="C:/Users/Samuele/Desktop/prototipo_3encoder/prot_1encoder/prot_1encoder.runs/design_1_xor12_0_2_synth_1" FlowId="Vivado_Synthesis" FromStepId="vivado" ToStepId="vivado"/>
	<Run Id="design_1_mux64bit_1_1_synth_1" LaunchDir="C:/Users/Samuele/Desktop/prototipo_3encoder/prot_1encoder/prot_1encoder.runs/design_1_mux64bit_1_1_synth_1" FlowId="Vivado_Synthesis" FromStepId="vivado" ToStepId="vivado"/>
	<Run Id="design_1_register_e1_0_1_synth_1" LaunchDir="C:/Users/Samuele/Desktop/prototipo_3encoder/prot_1encoder/prot_1encoder.runs/design_1_register_e1_0_1_synth_1" FlowId="Vivado_Synthesis" FromStepId="vivado" ToStepId="vivado"/>
	<Run Id="design_1_and12_0_1_synth_1" LaunchDir="C:/Users/Samuele/Desktop/prototipo_3encoder/prot_1encoder/prot_1encoder.runs/design_1_and12_0_1_synth_1" FlowId="Vivado_Synthesis" FromStepId="vivado" ToStepId="vivado"/>
	<Run Id="design_1_and12_1_1_synth_1" LaunchDir="C:/Users/Samuele/Desktop/prototipo_3encoder/prot_1encoder/prot_1encoder.runs/design_1_and12_1_1_synth_1" FlowId="Vivado_Synthesis" FromStepId="vivado" ToStepId="vivado"/>
	<Run Id="design_1_counter_e_0_1_synth_1" LaunchDir="C:/Users/Samuele/Desktop/prototipo_3encoder/prot_1encoder/prot_1encoder.runs/design_1_counter_e_0_1_synth_1" FlowId="Vivado_Synthesis" FromStepId="vivado" ToStepId="vivado"/>
	<Run Id="design_1_register_64b_0_1_synth_1" LaunchDir="C:/Users/Samuele/Desktop/prototipo_3encoder/prot_1encoder/prot_1encoder.runs/design_1_register_64b_0_1_synth_1" FlowId="Vivado_Synthesis" FromStepId="vivado" ToStepId="vivado"/>
	<Run Id="design_1_f64to32_1_0_synth_1" LaunchDir="C:/Users/Samuele/Desktop/prototipo_3encoder/prot_1encoder/prot_1encoder.runs/design_1_f64to32_1_0_synth_1" FlowId="Vivado_Synthesis" FromStepId="vivado" ToStepId="vivado"/>
	<Run Id="design_1_front_rocgnizer_1_1_synth_1" LaunchDir="C:/Users/Samuele/Desktop/prototipo_3encoder/prot_1encoder/prot_1encoder.runs/design_1_front_rocgnizer_1_1_synth_1" FlowId="Vivado_Synthesis" FromStepId="vivado" ToStepId="vivado"/>
	<Run Id="design_1_mux64bit_2_0_synth_1" LaunchDir="C:/Users/Samuele/Desktop/prototipo_3encoder/prot_1encoder/prot_1encoder.runs/design_1_mux64bit_2_0_synth_1" FlowId="Vivado_Synthesis" FromStepId="vivado" ToStepId="vivado"/>
	<Run Id="design_1_adder64bit_0_1_synth_1" LaunchDir="C:/Users/Samuele/Desktop/prototipo_3encoder/prot_1encoder/prot_1encoder.runs/design_1_adder64bit_0_1_synth_1" FlowId="Vivado_Synthesis" FromStepId="vivado" ToStepId="vivado"/>
	<Run Id="design_1_adder64bit_1_1_synth_1" LaunchDir="C:/Users/Samuele/Desktop/prototipo_3encoder/prot_1encoder/prot_1encoder.runs/design_1_adder64bit_1_1_synth_1" FlowId="Vivado_Synthesis" FromStepId="vivado" ToStepId="vivado"/>
	<Run Id="design_1_comparator_1_1_synth_1" LaunchDir="C:/Users/Samuele/Desktop/prototipo_3encoder/prot_1encoder/prot_1encoder.runs/design_1_comparator_1_1_synth_1" FlowId="Vivado_Synthesis" FromStepId="vivado" ToStepId="vivado"/>
	<Run Id="design_1_comparator_0_1_synth_1" LaunchDir="C:/Users/Samuele/Desktop/prototipo_3encoder/prot_1encoder/prot_1encoder.runs/design_1_comparator_0_1_synth_1" FlowId="Vivado_Synthesis" FromStepId="vivado" ToStepId="vivado"/>
	<Run Id="design_1_register_e1_1_1_synth_1" LaunchDir="C:/Users/Samuele/Desktop/prototipo_3encoder/prot_1encoder/prot_1encoder.runs/design_1_register_e1_1_1_synth_1" FlowId="Vivado_Synthesis" FromStepId="vivado" ToStepId="vivado"/>
	<Run Id="design_1_register_64b_1_0_synth_1" LaunchDir="C:/Users/Samuele/Desktop/prototipo_3encoder/prot_1encoder/prot_1encoder.runs/design_1_register_64b_1_0_synth_1" FlowId="Vivado_Synthesis" FromStepId="vivado" ToStepId="vivado"/>
	<Run Id="design_1_or3130_0_1_synth_1" LaunchDir="C:/Users/Samuele/Desktop/prototipo_3encoder/prot_1encoder/prot_1encoder.runs/design_1_or3130_0_1_synth_1" FlowId="Vivado_Synthesis" FromStepId="vivado" ToStepId="vivado"/>
	<Run Id="design_1_register_64b_3_1_synth_1" LaunchDir="C:/Users/Samuele/Desktop/prototipo_3encoder/prot_1encoder/prot_1encoder.runs/design_1_register_64b_3_1_synth_1" FlowId="Vivado_Synthesis" FromStepId="vivado" ToStepId="vivado"/>
	<Run Id="design_1_counter_e_1_1_synth_1" LaunchDir="C:/Users/Samuele/Desktop/prototipo_3encoder/prot_1encoder/prot_1encoder.runs/design_1_counter_e_1_1_synth_1" FlowId="Vivado_Synthesis" FromStepId="vivado" ToStepId="vivado"/>
	<Run Id="design_1_xor12_0_1_synth_1" LaunchDir="C:/Users/Samuele/Desktop/prototipo_3encoder/prot_1encoder/prot_1encoder.runs/design_1_xor12_0_1_synth_1" FlowId="Vivado_Synthesis" FromStepId="vivado" ToStepId="vivado"/>
	<Run Id="design_1_mux64bit_1_2_synth_1" LaunchDir="C:/Users/Samuele/Desktop/prototipo_3encoder/prot_1encoder/prot_1encoder.runs/design_1_mux64bit_1_2_synth_1" FlowId="Vivado_Synthesis" FromStepId="vivado" ToStepId="vivado"/>
	<Run Id="design_1_mux64bit_0_3_synth_1" LaunchDir="C:/Users/Samuele/Desktop/prototipo_3encoder/prot_1encoder/prot_1encoder.runs/design_1_mux64bit_0_3_synth_1" FlowId="Vivado_Synthesis" FromStepId="vivado" ToStepId="vivado"/>
	<Run Id="design_1_front_rocgnizer_0_2_synth_1" LaunchDir="C:/Users/Samuele/Desktop/prototipo_3encoder/prot_1encoder/prot_1encoder.runs/design_1_front_rocgnizer_0_2_synth_1" FlowId="Vivado_Synthesis" FromStepId="vivado" ToStepId="vivado"/>
	<Run Id="design_1_register_e1_1_2_synth_1" LaunchDir="C:/Users/Samuele/Desktop/prototipo_3encoder/prot_1encoder/prot_1encoder.runs/design_1_register_e1_1_2_synth_1" FlowId="Vivado_Synthesis" FromStepId="vivado" ToStepId="vivado"/>
	<Run Id="design_1_and12_0_2_synth_1" LaunchDir="C:/Users/Samuele/Desktop/prototipo_3encoder/prot_1encoder/prot_1encoder.runs/design_1_and12_0_2_synth_1" FlowId="Vivado_Synthesis" FromStepId="vivado" ToStepId="vivado"/>
	<Run Id="design_1_register_64b_0_2_synth_1" LaunchDir="C:/Users/Samuele/Desktop/prototipo_3encoder/prot_1encoder/prot_1encoder.runs/design_1_register_64b_0_2_synth_1" FlowId="Vivado_Synthesis" FromStepId="vivado" ToStepId="vivado"/>
	<Run Id="design_1_and12_1_2_synth_1" LaunchDir="C:/Users/Samuele/Desktop/prototipo_3encoder/prot_1encoder/prot_1encoder.runs/design_1_and12_1_2_synth_1" FlowId="Vivado_Synthesis" FromStepId="vivado" ToStepId="vivado"/>
	<Run Id="design_1_f64to32_1_1_synth_1" LaunchDir="C:/Users/Samuele/Desktop/prototipo_3encoder/prot_1encoder/prot_1encoder.runs/design_1_f64to32_1_1_synth_1" FlowId="Vivado_Synthesis" FromStepId="vivado" ToStepId="vivado"/>
	<Run Id="design_1_counter_e_1_2_synth_1" LaunchDir="C:/Users/Samuele/Desktop/prototipo_3encoder/prot_1encoder/prot_1encoder.runs/design_1_counter_e_1_2_synth_1" FlowId="Vivado_Synthesis" FromStepId="vivado" ToStepId="vivado"/>
	<Run Id="design_1_register_64b_1_2_synth_1" LaunchDir="C:/Users/Samuele/Desktop/prototipo_3encoder/prot_1encoder/prot_1encoder.runs/design_1_register_64b_1_2_synth_1" FlowId="Vivado_Synthesis" FromStepId="vivado" ToStepId="vivado"/>
	<Run Id="design_1_or3130_0_2_synth_1" LaunchDir="C:/Users/Samuele/Desktop/prototipo_3encoder/prot_1encoder/prot_1encoder.runs/design_1_or3130_0_2_synth_1" FlowId="Vivado_Synthesis" FromStepId="vivado" ToStepId="vivado"/>
	<Run Id="design_1_register_64b_3_2_synth_1" LaunchDir="C:/Users/Samuele/Desktop/prototipo_3encoder/prot_1encoder/prot_1encoder.runs/design_1_register_64b_3_2_synth_1" FlowId="Vivado_Synthesis" FromStepId="vivado" ToStepId="vivado"/>
	<Run Id="synth_1" LaunchDir="C:/Users/Samuele/Desktop/prototipo_3encoder/prot_1encoder/prot_1encoder.runs/synth_1" FlowId="Vivado_Synthesis" FromStepId="vivado" ToStepId="vivado">
		<Parent Id="design_1_counter_e_1_0_synth_1"/>
		<Parent Id="design_1_rl_io_0_0_synth_1"/>
		<Parent Id="design_1_counter_e_0_0_synth_1"/>
		<Parent Id="design_1_comparator_1_2_synth_1"/>
		<Parent Id="design_1_adder64bit_1_2_synth_1"/>
		<Parent Id="design_1_register_e1_0_2_synth_1"/>
		<Parent Id="design_1_counter_e_0_2_synth_1"/>
		<Parent Id="design_1_front_rocgnizer_1_2_synth_1"/>
		<Parent Id="design_1_mux64bit_2_1_synth_1"/>
		<Parent Id="design_1_comparator_0_2_synth_1"/>
		<Parent Id="design_1_adder64bit_0_2_synth_1"/>
		<Parent Id="design_1_front_rocgnizer_0_1_synth_1"/>
		<Parent Id="design_1_mux64bit_0_2_synth_1"/>
		<Parent Id="design_1_xor12_0_2_synth_1"/>
		<Parent Id="design_1_mux64bit_1_1_synth_1"/>
		<Parent Id="design_1_register_e1_0_1_synth_1"/>
		<Parent Id="design_1_and12_0_1_synth_1"/>
		<Parent Id="design_1_and12_1_1_synth_1"/>
		<Parent Id="design_1_counter_e_0_1_synth_1"/>
		<Parent Id="design_1_register_64b_0_1_synth_1"/>
		<Parent Id="design_1_f64to32_1_0_synth_1"/>
		<Parent Id="design_1_front_rocgnizer_1_1_synth_1"/>
		<Parent Id="design_1_mux64bit_2_0_synth_1"/>
		<Parent Id="design_1_adder64bit_0_1_synth_1"/>
		<Parent Id="design_1_adder64bit_1_1_synth_1"/>
		<Parent Id="design_1_comparator_1_1_synth_1"/>
		<Parent Id="design_1_comparator_0_1_synth_1"/>
		<Parent Id="design_1_register_e1_1_1_synth_1"/>
		<Parent Id="design_1_register_64b_1_0_synth_1"/>
		<Parent Id="design_1_or3130_0_1_synth_1"/>
		<Parent Id="design_1_register_64b_3_1_synth_1"/>
		<Parent Id="design_1_counter_e_1_1_synth_1"/>
		<Parent Id="design_1_xor12_0_1_synth_1"/>
		<Parent Id="design_1_mux64bit_1_2_synth_1"/>
		<Parent Id="design_1_mux64bit_0_3_synth_1"/>
		<Parent Id="design_1_front_rocgnizer_0_2_synth_1"/>
		<Parent Id="design_1_register_e1_1_2_synth_1"/>
		<Parent Id="design_1_and12_0_2_synth_1"/>
		<Parent Id="design_1_register_64b_0_2_synth_1"/>
		<Parent Id="design_1_and12_1_2_synth_1"/>
		<Parent Id="design_1_f64to32_1_1_synth_1"/>
		<Parent Id="design_1_counter_e_1_2_synth_1"/>
		<Parent Id="design_1_register_64b_1_2_synth_1"/>
		<Parent Id="design_1_or3130_0_2_synth_1"/>
		<Parent Id="design_1_register_64b_3_2_synth_1"/>
	</Run>
	<Parameters>
		<Parameter Name="runs.monitorLSFJobs" Val="true" Type="bool"/>
	</Parameters>
</Runs>

